,matchId,label,numbGoals,goals_home,goals_away,team_home,team_away,id_home,id_away,xG_home,shots_home,xG_away,shots_away,xGps_home,xGps_away,xP_home,xP_away,xP_shots_home,xP_shots_away
0,2517036,"Bayern München - Stuttgart, 1 - 4",5,1,4,Bayern München,Stuttgart,2444,2445,1.4075079070557404,15.0,1.2584365140600684,7.0,0.0938338604703827,0.17977664486572406,1.46356,1.26673,1.43614,1.27474
1,2517037,"Hoffenheim - Borussia Dortmund, 3 - 1",4,3,1,Hoffenheim,Borussia Dortmund,2482,2447,1.4709686859325533,11.0,0.947046461935232,10.0,0.13372442599386847,0.0947046461935232,1.76151,0.96936,1.76933,0.95129
2,2517038,"Hertha BSC - RB Leipzig, 2 - 6",8,2,6,Hertha BSC,RB Leipzig,2457,2975,1.3302711104980298,8.0,1.25675280769032,17.0,0.16628388881225373,0.07392663574648942,1.43949,1.2876,1.44182,1.28345
3,2517039,"Freiburg - Augsburg, 2 - 0",2,2,0,Freiburg,Augsburg,2453,2481,1.3074697073955877,11.0,0.1806770265982081,4.0,0.11886088249050797,0.04516925664955203,2.32494,0.40713,2.34549,0.39366
4,2517040,"Schalke 04 - Eintracht Frankfurt, 1 - 0",1,1,0,Schalke 04,Eintracht Frankfurt,2449,2462,0.9204094712033954,11.0,0.3914318810740523,5.0,0.08367358829121777,0.07828637621481047,1.81029,0.81825,1.81181,0.81644
5,2517041,"Bayer Leverkusen - Hannover 96, 3 - 2",5,3,2,Bayer Leverkusen,Hannover 96,2446,2455,3.666401779734192,26.0,1.500971847918046,11.0,0.1410154530666997,0.13645198617436782,2.47527,0.40935,2.5664,0.32087
6,2517042,"Hamburger SV - Borussia M'gladbach, 2 - 1",3,2,1,Hamburger SV,Borussia M'gladbach,2450,2454,2.425496320023915,17.0,1.0217458613282673,8.0,0.14267625411905382,0.1277182326660334,2.2713,0.55344,2.34114,0.48093
7,2517043,"Mainz 05 - Werder Bremen, 1 - 2",3,1,2,Mainz 05,Werder Bremen,2460,2443,1.2774994832592006,14.0,0.8704477728744962,13.0,0.0912499630899429,0.06695752099034585,1.67731,1.0318,1.67521,1.03249
8,2517044,"Wolfsburg - Köln, 4 - 1",5,4,1,Wolfsburg,Köln,2451,2463,2.4657084107542677,18.0,0.6956168027342082,7.0,0.13698380059745932,0.09937382896202974,2.48316,0.36954,2.51729,0.34046
9,2517027,"Borussia Dortmund - Mainz 05, 1 - 2",3,1,2,Borussia Dortmund,Mainz 05,2447,2460,1.057247497988345,10.0,0.5623123390822787,5.0,0.1057247497988345,0.11246246781645575,1.76597,0.89831,1.77541,0.89023
10,2517028,"RB Leipzig - Wolfsburg, 4 - 1",5,4,1,RB Leipzig,Wolfsburg,2975,2451,1.595098561311157,13.0,1.0840504262033286,9.0,0.12269988933162747,0.1204500473559254,1.74517,1.00075,1.75902,0.98166
11,2517029,"Köln - Bayern München, 1 - 3",4,1,3,Köln,Bayern München,2463,2444,0.8930994652661832,9.0,2.6773551250183587,16.0,0.0992332739184648,0.16733469531364742,0.4022,2.45447,0.35581,2.50672
12,2517030,"Werder Bremen - Bayer Leverkusen, 0 - 0",0,0,0,Werder Bremen,Bayer Leverkusen,2443,2446,0.2250415171629508,4.0,0.7310283597553997,8.0,0.0562603792907377,0.09137854496942496,0.75139,1.80694,0.74226,1.82367
13,2517031,"Borussia M'gladbach - Freiburg, 3 - 1",4,3,1,Borussia M'gladbach,Freiburg,2454,2453,2.185785285187585,17.0,1.9226002852324269,20.0,0.12857560501103443,0.09613001426162135,1.55338,1.23667,1.55041,1.22833
14,2517032,"Eintracht Frankfurt - Hamburger SV, 3 - 0",3,3,0,Eintracht Frankfurt,Hamburger SV,2462,2450,1.1647184542624285,14.0,0.5397654591131991,11.0,0.08319417530445918,0.04906958719210901,1.87095,0.81471,1.87602,0.81087
15,2517033,"Augsburg - Schalke 04, 1 - 2",3,1,2,Augsburg,Schalke 04,2481,2449,0.7811577841134538,12.0,1.2845619509158064,12.0,0.06509648200945449,0.10704682924298387,0.94884,1.76154,0.934,1.77274
16,2517034,"Hannover 96 - Hertha BSC, 3 - 1",4,3,1,Hannover 96,Hertha BSC,2455,2457,1.2607745320756545,11.0,1.4055881110712791,15.0,0.11461586655233223,0.0937058740714186,1.2687,1.46523,1.26089,1.46993
17,2517035,"Stuttgart - Hoffenheim, 2 - 0",2,2,0,Stuttgart,Hoffenheim,2445,2482,0.5846130802388798,5.0,2.6261062700709155,21.0,0.11692261604777596,0.12505267952718646,0.27615,2.59941,0.23845,2.64661
18,2517022,"Werder Bremen - Borussia Dortmund, 1 - 1",2,1,1,Werder Bremen,Borussia Dortmund,2443,2447,1.7234854705053064,17.0,2.3344330520245924,17.0,0.10138149826501802,0.13731959129556426,1.02116,1.77359,0.99716,1.79054
19,2517025,"Mainz 05 - RB Leipzig, 3 - 0",3,3,0,Mainz 05,RB Leipzig,2460,2975,2.013233164307052,16.0,0.9374237875647442,6.0,0.12582707276919075,0.15623729792745736,2.10968,0.67817,2.19761,0.58931
20,2517024,"Bayer Leverkusen - Stuttgart, 0 - 1",1,0,1,Bayer Leverkusen,Stuttgart,2446,2445,3.1919782581206477,21.0,0.1599985162340604,4.0,0.1519989646724118,0.0399996290585151,2.8915,0.06367,2.92887,0.04101
21,2517018,"Bayern München - Eintracht Frankfurt, 4 - 1",5,4,1,Bayern München,Eintracht Frankfurt,2444,2462,1.0490696682295473,11.0,0.9667477786667784,10.0,0.09536996983904976,0.09667477786667784,1.41439,1.27522,1.39731,1.28202
22,2517020,"Hertha BSC - Augsburg, 2 - 2",4,2,2,Hertha BSC,Augsburg,2457,2481,1.934409290434194,7.0,0.8989256457864102,12.0,0.276344184347742,0.07491047048220086,2.14607,0.64331,2.26521,0.53091
23,2517021,"Freiburg - Köln, 3 - 2",5,3,2,Freiburg,Köln,2453,2463,3.110519369698104,14.0,1.3967236868257449,12.0,0.222179954978436,0.11639364056881207,2.36261,0.49598,2.48619,0.37485
24,2517023,"Schalke 04 - Borussia M'gladbach, 1 - 1",2,1,1,Schalke 04,Borussia M'gladbach,2449,2454,1.863202603518492,10.0,1.6773243176186825,11.0,0.1863202603518492,0.1524840288744257,1.51541,1.25165,1.51352,1.22294
25,2517026,"Wolfsburg - Hamburger SV, 1 - 3",4,1,3,Wolfsburg,Hamburger SV,2451,2450,1.2478636757246866,9.0,2.7274713953919605,14.0,0.13865151952496518,0.19481938538514004,0.55984,2.27668,0.42814,2.40742
26,2517019,"Hoffenheim - Hannover 96, 3 - 1",4,3,1,Hoffenheim,Hannover 96,2482,2455,1.6531188020652037,15.0,1.8144070476767291,13.0,0.11020792013768024,0.13956977289820993,1.27426,1.49371,1.25084,1.48268
27,2517011,"Köln - Schalke 04, 2 - 2",4,2,2,Köln,Schalke 04,2463,2449,0.7966575909298732,10.0,1.6400338656828963,19.0,0.07966575909298731,0.08631757187804717,0.76166,1.9907,0.72393,2.03049
28,2517014,"Augsburg - Mainz 05, 2 - 0",2,2,0,Augsburg,Mainz 05,2481,2460,1.9817198481467857,15.0,0.4024539074267896,7.0,0.13211465654311905,0.05749341534668423,2.47816,0.34813,2.50326,0.33102
29,2517009,"Borussia Dortmund - Bayer Leverkusen, 4 - 0",4,4,0,Borussia Dortmund,Bayer Leverkusen,2447,2446,2.358167980512424,16.0,0.6477268612455748,9.0,0.1473854987820265,0.07196965124950831,2.47723,0.37054,2.56416,0.29754
30,2517010,"RB Leipzig - Hoffenheim, 2 - 5",7,2,5,RB Leipzig,Hoffenheim,2975,2482,1.0478155409612648,14.0,2.9978903593404542,13.0,0.07484396721151891,0.2306069507184965,0.37578,2.49786,0.27901,2.60542
31,2517013,"Eintracht Frankfurt - Hertha BSC, 0 - 3",3,0,3,Eintracht Frankfurt,Hertha BSC,2462,2457,1.192124608623348,11.0,1.1004443803943365,4.0,0.10837496442030435,0.2751110950985841,1.39886,1.30142,1.35837,1.31448
32,2517015,"Hamburger SV - Freiburg, 1 - 0",1,1,0,Hamburger SV,Freiburg,2450,2453,1.4592672213671125,11.0,1.5073627635700078,11.0,0.13266065648791933,0.13703297850636434,1.33776,1.40745,1.31422,1.41226
33,2517016,"Hannover 96 - Bayern München, 0 - 3",3,0,3,Hannover 96,Bayern München,2455,2444,0.4840632105188026,6.0,1.6540913770179118,13.0,0.08067720175313377,0.12723779823214706,0.51659,2.25569,0.48299,2.29754
34,2517017,"Stuttgart - Werder Bremen, 2 - 0",2,2,0,Stuttgart,Werder Bremen,2445,2443,1.2975468021279155,9.0,0.6961341543254568,9.0,0.14417186690310171,0.0773482393694952,1.84723,0.8623,1.87167,0.8391
35,2517012,"Borussia M'gladbach - Wolfsburg, 3 - 0",3,3,0,Borussia M'gladbach,Wolfsburg,2454,2451,1.5231792803224489,13.0,0.5862109613880871,8.0,0.11716763694788068,0.0732763701735109,2.09681,0.65096,2.10702,0.64083
36,2517006,"Mainz 05 - Freiburg, 2 - 0",2,2,0,Mainz 05,Freiburg,2460,2453,1.7622168534740834,12.0,0.6558681327517302,11.0,0.14685140445617362,0.05962437570470274,2.19187,0.58696,2.2937,0.494
37,2517003,"Werder Bremen - RB Leipzig, 1 - 1",2,1,1,Werder Bremen,RB Leipzig,2443,2975,1.0279471277075485,15.0,0.7607792170570917,9.0,0.06852980851383657,0.08453102411745464,1.56322,1.11145,1.55715,1.11525
38,2517004,"Schalke 04 - Borussia Dortmund, 2 - 0",2,2,0,Schalke 04,Borussia Dortmund,2449,2447,0.9751764312727236,12.0,1.199355063330786,12.0,0.0812647026060603,0.0999462552775655,1.1708,1.53143,1.15464,1.54734
39,2517000,"Bayern München - Borussia M'gladbach, 5 - 1",6,5,1,Bayern München,Borussia M'gladbach,2444,2454,3.8552936728049274,19.0,0.3252522448677959,4.0,0.20291019330552248,0.08131306121694898,2.91849,0.05025,2.95579,0.02662
40,2517001,"Hoffenheim - Hamburger SV, 2 - 0",2,2,0,Hoffenheim,Hamburger SV,2482,2450,3.264244541857624,22.0,0.4774258550420751,12.0,0.14837475190261926,0.039785487920172925,2.79598,0.13552,2.84689,0.09922
41,2517002,"Hertha BSC - Köln, 2 - 1",3,2,1,Hertha BSC,Köln,2457,2463,1.548283294396691,12.0,1.5255226070372243,13.0,0.12902360786639092,0.11734789284901725,1.40134,1.35334,1.39451,1.3439
42,2517005,"Bayer Leverkusen - Eintracht Frankfurt, 4 - 1",5,4,1,Bayer Leverkusen,Eintracht Frankfurt,2446,2462,1.44920007039496,11.0,0.9601256315190656,7.0,0.13174546094499637,0.13716080450272367,1.72887,0.99762,1.76953,0.95251
43,2517008,"Stuttgart - Hannover 96, 1 - 1",2,1,1,Stuttgart,Hannover 96,2445,2455,0.7678747518478948,11.0,0.4881194112430452,8.0,0.06980679562253589,0.06101492640538065,1.57178,1.0277,1.57825,1.02211
44,2517007,"Wolfsburg - Augsburg, 0 - 0",0,0,0,Wolfsburg,Augsburg,2451,2481,1.4788546085393417,16.0,0.5299103965177201,8.0,0.09242841303370886,0.06623879956471501,2.10716,0.6329,2.13666,0.606
45,2516992,"RB Leipzig - Bayer Leverkusen, 1 - 4",5,1,4,RB Leipzig,Bayer Leverkusen,2975,2446,1.9846505929438347,18.0,1.7912260670754871,13.0,0.11025836627465749,0.13778662054426824,1.51342,1.26586,1.51711,1.25383
46,2516996,"Eintracht Frankfurt - Hoffenheim, 1 - 1",2,1,1,Eintracht Frankfurt,Hoffenheim,2462,2482,2.0199868339673483,15.0,1.0014250514411616,10.0,0.13466578893115655,0.10014250514411616,2.07544,0.71146,2.12883,0.65859
47,2516991,"Borussia Dortmund - Stuttgart, 3 - 0",3,3,0,Borussia Dortmund,Stuttgart,2447,2445,2.0120556688499387,14.0,0.7331831113455552,8.0,0.1437182620607099,0.0916478889181944,2.27149,0.53362,2.28484,0.51742
48,2516998,"Hamburger SV - Schalke 04, 3 - 2",5,3,2,Hamburger SV,Schalke 04,2450,2449,2.035094698275909,15.0,0.9153273702287856,8.0,0.1356729798850606,0.1144159212785982,2.14319,0.64706,2.16291,0.62772
49,2516993,"Köln - Mainz 05, 1 - 1",2,1,1,Köln,Mainz 05,2463,2460,1.484284358853894,15.0,1.240682782923607,12.0,0.0989522905902596,0.10339023191030057,1.54286,1.1969,1.52445,1.20252
50,2516994,"Freiburg - Wolfsburg, 0 - 2",2,0,2,Freiburg,Wolfsburg,2453,2451,1.4532774733303744,13.0,0.7075380462975124,10.0,0.11179057487156727,0.07075380462975124,1.9405,0.79117,2.04637,0.68491
51,2516995,"Borussia M'gladbach - Hertha BSC, 2 - 1",3,2,1,Borussia M'gladbach,Hertha BSC,2454,2457,1.3353681048528938,9.0,2.348922743986785,12.0,0.14837423387254375,0.19574356199889875,0.76119,2.04105,0.62874,2.14554
52,2516997,"Augsburg - Bayern München, 1 - 4",5,1,4,Augsburg,Bayern München,2481,2444,0.6304267843286125,7.0,1.4709471221234285,11.0,0.09006096918980179,0.13372246564758442,0.70656,2.03133,0.70341,2.02995
53,2516999,"Hannover 96 - Werder Bremen, 2 - 1",3,2,1,Hannover 96,Werder Bremen,2455,2443,1.7718551577527712,10.0,1.1971379069539283,11.0,0.17718551577527714,0.10883071881399348,1.79083,0.97066,1.81324,0.92863
54,2516988,"Mainz 05 - Borussia M'gladbach, 0 - 0",0,0,0,Mainz 05,Borussia M'gladbach,2460,2454,1.055220346263858,15.0,0.8677999881967199,10.0,0.07034802308425721,0.086779998819672,1.49088,1.19127,1.50774,1.17327
55,2516985,"Werder Bremen - Eintracht Frankfurt, 2 - 1",3,2,1,Werder Bremen,Eintracht Frankfurt,2443,2462,1.1806166290914837,8.0,0.9595724479917772,11.0,0.14757707863643546,0.08723385890834338,1.53973,1.16074,1.57141,1.12132
56,2516984,"Hertha BSC - Wolfsburg, 0 - 0",0,0,0,Hertha BSC,Wolfsburg,2457,2451,0.6293446220236737,8.0,0.3705870169513942,6.0,0.07866807775295921,0.06176450282523236,1.54367,1.00046,1.55317,0.99412
57,2516982,"Bayern München - Borussia Dortmund, 6 - 0",6,6,0,Bayern München,Borussia Dortmund,2444,2447,3.4402320137257547,15.0,0.706303460567437,9.0,0.2293488009150503,0.07847816228527077,2.76246,0.16557,2.8404,0.10533
58,2516983,"Hoffenheim - Köln, 6 - 0",6,6,0,Hoffenheim,Köln,2482,2463,2.8837515115910595,18.0,0.8863704620894959,5.0,0.16020841731061441,0.17727409241789918,2.53346,0.33776,2.6008,0.27808
59,2516986,"Schalke 04 - Freiburg, 2 - 0",2,2,0,Schalke 04,Freiburg,2449,2453,1.967096114437401,15.0,0.3330737985900686,6.0,0.1311397409624934,0.05551229976501143,2.52571,0.30826,2.6285,0.23546
60,2516987,"Bayer Leverkusen - Augsburg, 0 - 0",0,0,0,Bayer Leverkusen,Augsburg,2446,2481,1.5611202955012409,17.0,0.4366513590953746,7.0,0.09183060561772005,0.062378765585053515,2.23463,0.52541,2.25634,0.50755
61,2516989,"Hannover 96 - RB Leipzig, 2 - 3",5,2,3,Hannover 96,RB Leipzig,2455,2975,1.3476976545355894,12.0,2.3712706266405417,16.0,0.11230813787796579,0.14820441416503385,0.76892,2.03501,0.75446,2.04791
62,2516990,"Stuttgart - Hamburger SV, 1 - 1",2,1,1,Stuttgart,Hamburger SV,2445,2450,1.1431752089191145,11.0,0.7622810894704942,8.0,0.10392501899264678,0.09528513618381178,1.66083,1.02501,1.66111,1.02295
63,2516974,"RB Leipzig - Bayern München, 2 - 1",3,2,1,RB Leipzig,Bayern München,2975,2444,2.212655488858948,15.0,1.0070957999151795,9.0,0.14751036592392985,0.11189953332390884,2.17477,0.63226,2.20635,0.59217
64,2516975,"Köln - Bayer Leverkusen, 2 - 0",2,2,0,Köln,Bayer Leverkusen,2463,2446,1.3241747001789932,8.0,0.8143421788329639,10.0,0.16552183752237415,0.08143421788329638,1.77077,0.94286,1.85809,0.844
65,2516973,"Borussia Dortmund - Hannover 96, 1 - 0",1,1,0,Borussia Dortmund,Hannover 96,2447,2455,2.2279621361904303,23.0,1.048113142515745,9.0,0.09686791896480132,0.11645701583508278,2.14795,0.65614,2.16378,0.63471
66,2516981,"Wolfsburg - Schalke 04, 0 - 1",1,0,1,Wolfsburg,Schalke 04,2451,2449,1.7130382357876903,16.0,1.0121341360605554,9.0,0.10706488973673065,0.11245934845117282,1.87738,0.88117,1.95062,0.78239
67,2516977,"Borussia M'gladbach - Hoffenheim, 3 - 3",6,3,3,Borussia M'gladbach,Hoffenheim,2454,2482,2.384510013131177,22.0,2.369649944493042,12.0,0.10838681877868987,0.19747082870775348,1.39844,1.40054,1.376,1.40894
68,2516978,"Eintracht Frankfurt - Mainz 05, 3 - 0",3,3,0,Eintracht Frankfurt,Mainz 05,2462,2460,2.234139447549299,15.0,0.7955087929237883,13.0,0.14894262983661993,0.061192984071060635,2.32245,0.50079,2.39247,0.43734
69,2516979,"Augsburg - Werder Bremen, 1 - 3",4,1,3,Augsburg,Werder Bremen,2481,2443,0.6564191261438247,15.0,1.848370063248719,20.0,0.04376127507625498,0.09241850316243595,0.57114,2.21571,0.55422,2.23236
70,2516980,"Hamburger SV - Hertha BSC, 1 - 2",3,1,2,Hamburger SV,Hertha BSC,2450,2457,0.7820531423343835,9.0,1.501177157294371,13.0,0.08689479359270928,0.11547516594572085,0.82723,1.90987,0.79927,1.93903
71,2516976,"Freiburg - Stuttgart, 1 - 2",3,1,2,Freiburg,Stuttgart,2453,2445,0.3827010538211566,6.0,2.120430652956217,10.0,0.06378350897019276,0.2120430652956217,0.27928,2.57593,0.18147,2.71143
72,2516968,"Werder Bremen - Köln, 3 - 1",4,3,1,Werder Bremen,Köln,2443,2463,0.8608102161054406,10.0,0.506088399577761,8.0,0.08608102161054407,0.06326104994722012,1.64188,0.9805,1.65568,0.96901
73,2516965,"Borussia Dortmund - Eintracht Frankfurt, 3 - 2",5,3,2,Borussia Dortmund,Eintracht Frankfurt,2447,2462,1.1461160338453624,13.0,1.5004007922818616,10.0,0.08816277183425865,0.15004007922818616,1.10001,1.63779,1.06709,1.66139
74,2516972,"Stuttgart - RB Leipzig, 0 - 0",0,0,0,Stuttgart,RB Leipzig,2445,2975,0.7339214655965774,10.0,0.5511108659524164,8.0,0.07339214655965774,0.06888885824405205,1.48034,1.11692,1.48097,1.11983
75,2516969,"Bayer Leverkusen - Borussia M'gladbach, 2 - 0",2,2,0,Bayer Leverkusen,Borussia M'gladbach,2446,2454,2.071527456303566,17.0,0.6079528565619114,8.0,0.12185455625315095,0.07599410707023893,2.37438,0.44409,2.43346,0.39532
76,2516964,"Bayern München - Hamburger SV, 6 - 0",6,6,0,Bayern München,Hamburger SV,2444,2450,4.427899014998538,18.0,0.0273458428310558,1.0,0.24599438972214102,0.0273458428310558,2.9864,0.00716,2.99507,0.00254
77,2516966,"Hoffenheim - Wolfsburg, 3 - 0",3,3,0,Hoffenheim,Wolfsburg,2482,2451,1.1905354274159845,15.0,0.3625200485159672,4.0,0.07936902849439896,0.0906300121289918,2.0525,0.63677,2.07035,0.62297
78,2516967,"Hertha BSC - Freiburg, 0 - 0",0,0,0,Hertha BSC,Freiburg,2457,2453,1.67029194085196,12.0,0.494523580184074,5.0,0.13919099507099666,0.0989047160368148,2.26723,0.50905,2.35749,0.43095
79,2516971,"Hannover 96 - Augsburg, 1 - 3",4,1,3,Hannover 96,Augsburg,2455,2481,1.535584214516276,17.0,2.1373959812014034,16.0,0.09032848320683975,0.1335872488250877,1.01467,1.77208,0.97041,1.80714
80,2516970,"Mainz 05 - Schalke 04, 0 - 1",1,0,1,Mainz 05,Schalke 04,2460,2449,0.9195064975395152,16.0,0.2774041303892023,5.0,0.0574691560962197,0.05548082607784046,1.91944,0.70321,1.93558,0.68938
81,2516957,"Freiburg - Bayern München, 0 - 4",4,0,4,Freiburg,Bayern München,2453,2444,0.3290488402123133,4.0,2.0486716582378075,17.0,0.08226221005307832,0.12051009754340045,0.28655,2.55566,0.24065,2.62172
82,2516956,"Köln - Stuttgart, 2 - 3",5,2,3,Köln,Stuttgart,2463,2445,1.2677451764268557,12.0,0.7474821060252154,8.0,0.10564543136890464,0.09343526325315192,1.77238,0.93205,1.76372,0.93794
83,2516955,"RB Leipzig - Borussia Dortmund, 1 - 1",2,1,1,RB Leipzig,Borussia Dortmund,2975,2447,0.7569972049478679,9.0,1.334785516082445,4.0,0.08411080054976311,0.3336963790206112,0.84395,1.87409,0.77069,1.93844
84,2516959,"Schalke 04 - Hertha BSC, 1 - 0",1,1,0,Schalke 04,Hertha BSC,2449,2457,0.5843350800873603,6.0,0.941750548665791,10.0,0.09738918001456005,0.0941750548665791,1.00036,1.64542,0.97967,1.66544
85,2516960,"Eintracht Frankfurt - Hannover 96, 1 - 0",1,1,0,Eintracht Frankfurt,Hannover 96,2462,2455,1.174814795105494,12.0,0.4357092089757179,6.0,0.09790123292545783,0.07261820149595298,1.97978,0.71021,1.98897,0.70107
86,2516961,"Augsburg - Hoffenheim, 0 - 2",2,0,2,Augsburg,Hoffenheim,2481,2482,0.5955832955016634,8.0,1.5816692679954685,15.0,0.07444791193770793,0.10544461786636457,0.64068,2.11356,0.60429,2.15508
87,2516962,"Hamburger SV - Mainz 05, 0 - 0",0,0,0,Hamburger SV,Mainz 05,2450,2460,2.0529793539101404,18.0,0.4000463796045305,5.0,0.11405440855056335,0.08000927592090609,2.50415,0.32933,2.61815,0.24446
88,2516963,"Wolfsburg - Bayer Leverkusen, 1 - 2",3,1,2,Wolfsburg,Bayer Leverkusen,2451,2446,0.3972817485141475,7.0,1.725509142581164,14.0,0.05675453550202107,0.12325065304151171,0.42327,2.37006,0.32628,2.49534
89,2516958,"Borussia M'gladbach - Werder Bremen, 2 - 2",4,2,2,Borussia M'gladbach,Werder Bremen,2454,2443,1.1302345401422158,9.0,1.8245279734808064,16.0,0.1255816155713573,0.1140329983425504,0.90832,1.85626,0.89605,1.86724
90,2516947,"Borussia Dortmund - Augsburg, 1 - 1",2,1,1,Borussia Dortmund,Augsburg,2447,2481,1.2830575566116336,9.0,1.459125026006629,13.0,0.14256195073462596,0.11224038661589454,1.24199,1.49486,1.19517,1.4898
91,2516948,"RB Leipzig - Köln, 1 - 2",3,1,2,RB Leipzig,Köln,2975,2463,2.908987483091999,16.0,1.3304904684594772,12.0,0.18181171769324994,0.11087420570495643,2.30284,0.54343,2.37931,0.46678
92,2516951,"Bayer Leverkusen - Schalke 04, 0 - 2",2,0,2,Bayer Leverkusen,Schalke 04,2446,2449,0.8893452194328906,8.0,1.3019300380787513,9.0,0.11116815242911132,0.14465889311986124,1.02635,1.68701,0.92824,1.75966
93,2516950,"Werder Bremen - Hamburger SV, 1 - 0",1,1,0,Werder Bremen,Hamburger SV,2443,2450,0.821303398675641,12.0,0.4059859986397062,5.0,0.06844194988963674,0.08119719972794123,1.69796,0.90533,1.69202,0.90863
94,2516946,"Bayern München - Hertha BSC, 0 - 0",0,0,0,Bayern München,Hertha BSC,2444,2457,1.94446158454147,18.0,0.2470769275309005,5.0,0.10802564358563721,0.0494153855061801,2.56942,0.26764,2.59497,0.25038
95,2516949,"Hoffenheim - Freiburg, 1 - 1",2,1,1,Hoffenheim,Freiburg,2482,2453,0.9334682740447476,11.0,1.2390971908102704,6.0,0.08486075218588615,0.2065161984683784,1.09069,1.6165,1.01015,1.66949
96,2516953,"Hannover 96 - Borussia M'gladbach, 0 - 1",1,0,1,Hannover 96,Borussia M'gladbach,2455,2454,1.724072311734205,21.0,1.440466829596149,15.0,0.08209868151115261,0.09603112197307659,1.57777,1.18264,1.56317,1.19219
97,2516954,"Stuttgart - Eintracht Frankfurt, 1 - 0",1,1,0,Stuttgart,Eintracht Frankfurt,2445,2462,1.5534192986667403,12.0,0.3782701430241508,6.0,0.12945160822222837,0.06304502383735847,2.29939,0.4675,2.3276,0.44696
98,2516952,"Mainz 05 - Wolfsburg, 1 - 1",2,1,1,Mainz 05,Wolfsburg,2460,2451,1.205558430139992,14.0,0.8380475834434727,8.0,0.08611131643857085,0.10475594793043409,1.64863,1.05244,1.651,1.04203
99,2516942,"Eintracht Frankfurt - RB Leipzig, 2 - 1",3,2,1,Eintracht Frankfurt,RB Leipzig,2462,2975,1.687478626092474,13.0,0.9930037420541648,9.0,0.12980604816095953,0.11033374911712941,1.87391,0.87803,1.90797,0.83805
100,2516940,"Borussia M'gladbach - Borussia Dortmund, 0 - 1",1,0,1,Borussia M'gladbach,Borussia Dortmund,2454,2447,3.094251377113629,26.0,0.5744437048452784,8.0,0.11900966835052419,0.0718054631056598,2.72082,0.19095,2.73889,0.17644
101,2516943,"Augsburg - Stuttgart, 0 - 1",1,0,1,Augsburg,Stuttgart,2481,2445,0.4387085119003195,7.0,1.1829845356015132,13.0,0.0626726445571885,0.09099881043088563,0.7028,1.9868,0.69355,1.99942
102,2516941,"Schalke 04 - Hoffenheim, 2 - 1",3,2,1,Schalke 04,Hoffenheim,2449,2482,1.046852488156408,9.0,0.5431718391564705,11.0,0.11631694312848978,0.04937925810513368,1.78326,0.88266,1.80416,0.86471
103,2516937,"Köln - Hannover 96, 1 - 1",2,1,1,Köln,Hannover 96,2463,2455,0.4310834737365214,5.0,0.7883646887509205,12.0,0.08621669474730428,0.06569705739591004,0.95184,1.64625,0.9516,1.64397
104,2516939,"Freiburg - Werder Bremen, 1 - 0",1,1,0,Freiburg,Werder Bremen,2453,2443,1.7785426209009572,7.0,0.4002276597931575,9.0,0.2540775172715653,0.0444697399770175,2.43651,0.37653,2.62146,0.24048
105,2516944,"Hamburger SV - Bayer Leverkusen, 1 - 2",3,1,2,Hamburger SV,Bayer Leverkusen,2450,2446,1.0402679113511248,8.0,2.000460165271623,14.0,0.1300334889188906,0.14289001180511593,0.74183,2.04278,0.696,2.08596
106,2516945,"Wolfsburg - Bayern München, 1 - 2",3,1,2,Wolfsburg,Bayern München,2451,2444,0.2403823251817728,3.0,3.744253359940097,19.0,0.0801274417272576,0.19706596631263668,0.04376,2.92571,0.01883,2.96714
107,2516938,"Hertha BSC - Mainz 05, 0 - 2",2,0,2,Hertha BSC,Mainz 05,2457,2460,0.7379171699593517,9.0,1.0275362441077371,12.0,0.0819907966621502,0.08562802034231143,1.08942,1.58118,1.06697,1.60079
108,2516932,"Werder Bremen - Wolfsburg, 3 - 1",4,3,1,Werder Bremen,Wolfsburg,2443,2451,1.3313468501750942,13.0,2.369664143102116,12.0,0.10241129616731494,0.19747201192517636,0.75453,2.05014,0.67423,2.12563
109,2516936,"Stuttgart - Borussia M'gladbach, 1 - 0",1,1,0,Stuttgart,Borussia M'gladbach,2445,2454,0.5136701085849815,7.0,0.9231400607977506,12.0,0.0733814440835688,0.07692833839981254,0.94862,1.6889,0.93913,1.69708
110,2516928,"Bayern München - Schalke 04, 2 - 1",3,2,1,Bayern München,Schalke 04,2444,2449,2.203914804553067,13.0,0.8630352950869254,8.0,0.16953190804254362,0.10787941188586568,2.27438,0.54056,2.38638,0.43554
111,2516929,"Borussia Dortmund - Hamburger SV, 2 - 0",2,2,0,Borussia Dortmund,Hamburger SV,2447,2450,1.9867724726679472,7.0,0.5680478531834968,7.0,0.2838246389525639,0.08114969331192812,2.41584,0.40599,2.58006,0.27168
112,2516931,"Hoffenheim - Mainz 05, 4 - 2",6,4,2,Hoffenheim,Mainz 05,2482,2460,4.515257966029445,24.0,0.7571863013056809,6.0,0.1881357485845602,0.12619771688428014,2.89027,0.07459,2.94391,0.03505
113,2516933,"Eintracht Frankfurt - Köln, 4 - 2",6,4,2,Eintracht Frankfurt,Köln,2462,2463,2.6804631613804366,12.0,1.4820311820696674,8.0,0.2233719301150364,0.18525389775870843,2.12581,0.69427,2.272,0.5293
114,2516934,"Bayer Leverkusen - Hertha BSC, 0 - 2",2,0,2,Bayer Leverkusen,Hertha BSC,2446,2457,2.2760216934909123,15.0,0.5693041638980438,9.0,0.15173477956606082,0.06325601821089376,2.49292,0.35377,2.53381,0.32245
115,2516935,"Hannover 96 - Freiburg, 2 - 1",3,2,1,Hannover 96,Freiburg,2455,2453,0.9230933862615912,13.0,1.357240425613973,12.0,0.07100718355858394,0.11310336880116441,1.02102,1.69968,0.97854,1.73478
116,2516930,"RB Leipzig - Augsburg, 2 - 0",2,2,0,RB Leipzig,Augsburg,2975,2481,2.6767076024137952,21.0,1.0870793409575308,11.0,0.1274622667816093,0.0988253946325028,2.32668,0.51438,2.40769,0.43714
117,2516925,"Hamburger SV - Hannover 96, 1 - 1",2,1,1,Hamburger SV,Hannover 96,2450,2455,1.369801397361945,13.0,1.678719581583695,14.0,0.10536933825861115,0.1199085415416925,1.16686,1.58605,1.13213,1.61324
118,2516924,"Augsburg - Eintracht Frankfurt, 3 - 0",3,3,0,Augsburg,Eintracht Frankfurt,2481,2462,2.0591556912528426,15.0,0.4976960243483424,8.0,0.13727704608352284,0.0622120030435428,2.44698,0.38088,2.48114,0.35477
119,2516922,"Borussia M'gladbach - RB Leipzig, 0 - 1",1,0,1,Borussia M'gladbach,RB Leipzig,2454,2975,0.8792035740470947,9.0,1.7588065411163902,15.0,0.09768928600523274,0.11725376940775935,0.75928,2.00596,0.73136,2.0303
120,2516920,"Hertha BSC - Hoffenheim, 1 - 1",2,1,1,Hertha BSC,Hoffenheim,2457,2482,1.0106155561666952,5.0,2.0035159124134103,14.0,0.20212311123333904,0.14310827945810073,0.72633,2.05503,0.6441,2.1282
121,2516921,"Freiburg - Bayer Leverkusen, 0 - 0",0,0,0,Freiburg,Bayer Leverkusen,2453,2446,0.922704609235898,11.0,1.052218362781018,15.0,0.08388223720326346,0.07014789085206787,1.24399,1.44484,1.22896,1.45621
122,2516923,"Schalke 04 - Werder Bremen, 1 - 2",3,1,2,Schalke 04,Werder Bremen,2449,2443,1.1425643430825916,14.0,1.802113829024821,9.0,0.08161173879161368,0.2002348698916468,0.90762,1.85889,0.82121,1.92857
123,2516926,"Mainz 05 - Bayern München, 0 - 2",2,0,2,Mainz 05,Bayern München,2460,2444,1.378857165560612,13.0,0.9212776687656752,13.0,0.10606593581235478,0.07086751298197501,1.71787,1.00795,1.73376,0.98814
124,2516927,"Wolfsburg - Stuttgart, 1 - 1",2,1,1,Wolfsburg,Stuttgart,2451,2445,0.8024662720309584,16.0,2.5995879504402613,12.0,0.0501541420019349,0.2166323292033551,0.37378,2.48764,0.31162,2.56165
125,2516919,"Köln - Borussia Dortmund, 2 - 3",5,2,3,Köln,Borussia Dortmund,2463,2447,2.285834676269121,16.0,2.4536720575789728,16.0,0.14286466726682007,0.1533545035986858,1.29545,1.50512,1.28364,1.50078
126,2516917,"Hannover 96 - Wolfsburg, 0 - 1",1,0,1,Hannover 96,Wolfsburg,2455,2451,1.357569748891988,15.0,0.3567886654361721,6.0,0.09050464992613254,0.05946477757269535,2.17836,0.549,2.19559,0.53494
127,2516916,"Bayer Leverkusen - Mainz 05, 2 - 0",2,2,0,Bayer Leverkusen,Mainz 05,2446,2460,1.533455169576,10.0,0.1377767276182973,2.0,0.1533455169576,0.06888836380914864,2.50236,0.28842,2.66407,0.19033
128,2516914,"Werder Bremen - Hertha BSC, 0 - 0",0,0,0,Werder Bremen,Hertha BSC,2443,2457,1.8818334482034424,17.0,0.6619141417726883,5.0,0.11069608518843779,0.13238282835453766,2.23794,0.55155,2.29564,0.49471
129,2516910,"Bayern München - Hoffenheim, 5 - 2",7,5,2,Bayern München,Hoffenheim,2444,2482,2.913876801587988,21.0,1.3340147570224277,6.0,0.13875603817085658,0.22233579283707128,2.29548,0.54588,2.43364,0.39883
130,2516911,"Borussia Dortmund - Freiburg, 2 - 2",4,2,2,Borussia Dortmund,Freiburg,2447,2453,1.345534733207643,10.0,0.6020549961349233,5.0,0.1345534733207643,0.12041099922698466,1.96454,0.75116,1.99399,0.72085
131,2516912,"RB Leipzig - Hamburger SV, 1 - 1",2,1,1,RB Leipzig,Hamburger SV,2975,2450,1.3934249998357056,15.0,1.1638237269513871,7.0,0.09289499998904703,0.16626053242162672,1.52159,1.20656,1.51721,1.20074
132,2516913,"Köln - Augsburg, 1 - 1",2,1,1,Köln,Augsburg,2463,2481,1.2019421550859617,11.0,1.0170508205423645,9.0,0.10926746864417834,0.11300564672692939,1.4998,1.20649,1.50529,1.19146
133,2516918,"Stuttgart - Schalke 04, 0 - 2",2,0,2,Stuttgart,Schalke 04,2445,2449,1.134650610137358,11.0,2.1559113332989845,17.0,0.10315005546703254,0.1268183137234697,0.74424,2.05035,0.66936,2.118
134,2516915,"Eintracht Frankfurt - Borussia M'gladbach, 2 - 0",2,2,0,Eintracht Frankfurt,Borussia M'gladbach,2462,2454,1.3955510331100645,6.0,1.5926059751055928,13.0,0.23259183885167742,0.12250815193119945,1.24506,1.49679,1.19897,1.48718
135,2516906,"Schalke 04 - Hannover 96, 1 - 1",2,1,1,Schalke 04,Hannover 96,2449,2455,0.4141133214133242,5.0,1.087612842968782,11.0,0.08282266428266484,0.09887389481534381,0.73502,1.93523,0.70091,1.97543
136,2516901,"Bayern München - Werder Bremen, 4 - 2",6,4,2,Bayern München,Werder Bremen,2444,2443,1.966159998969714,16.0,0.8086380280410547,10.0,0.12288499993560713,0.08086380280410546,2.17773,0.61536,2.19142,0.59998
137,2516907,"Hamburger SV - Köln, 0 - 2",2,0,2,Hamburger SV,Köln,2450,2463,0.6530708624116874,10.0,1.6559039140248124,9.0,0.06530708624116874,0.1839893237805347,0.62914,2.13724,0.52404,2.25237
138,2516902,"Hoffenheim - Bayer Leverkusen, 1 - 4",5,1,4,Hoffenheim,Bayer Leverkusen,2482,2446,0.7815737301528156,13.0,2.352143626888929,14.0,0.0601210561656012,0.16801025906349493,0.45115,2.3851,0.3643,2.4856
139,2516904,"Freiburg - RB Leipzig, 2 - 1",3,2,1,Freiburg,RB Leipzig,2453,2975,0.7796952730301806,9.0,0.8510035958047085,11.0,0.08663280811446451,0.07736396325497351,1.26797,1.38239,1.25659,1.38832
140,2516905,"Borussia M'gladbach - Augsburg, 2 - 0",2,2,0,Borussia M'gladbach,Augsburg,2454,2481,1.4605618164873768,16.0,1.6527711875560134,17.0,0.09128511353046105,0.09722183456211843,1.25534,1.50215,1.23339,1.5138
141,2516908,"Mainz 05 - Stuttgart, 3 - 2",5,3,2,Mainz 05,Stuttgart,2460,2445,2.6722488575293184,20.0,0.977464712798607,8.0,0.13361244287646593,0.12218308909982588,2.39079,0.45525,2.47453,0.37864
142,2516909,"Wolfsburg - Eintracht Frankfurt, 1 - 3",4,1,3,Wolfsburg,Eintracht Frankfurt,2451,2462,1.0379421459488474,11.0,2.186427886518536,16.0,0.09435837690444067,0.1366517429074085,0.66717,2.13414,0.56744,2.23328
143,2516903,"Hertha BSC - Borussia Dortmund, 1 - 1",2,1,1,Hertha BSC,Borussia Dortmund,2457,2447,0.7395630628009043,8.0,1.2089064099538187,10.0,0.09244538285011304,0.12089064099538187,0.96706,1.73131,0.93638,1.75229
144,2516892,"Borussia Dortmund - Wolfsburg, 0 - 0",0,0,0,Borussia Dortmund,Wolfsburg,2447,2451,2.2700008689336744,16.0,0.7012727775007029,9.0,0.14187505430835465,0.0779191975000781,2.40338,0.42944,2.43003,0.40677
145,2516894,"Köln - Borussia M'gladbach, 2 - 1",3,2,1,Köln,Borussia M'gladbach,2463,2454,1.3082436798556567,12.0,2.158236563502968,15.0,0.10902030665463806,0.14388243756686453,0.84905,1.93895,0.82697,1.95455
146,2516893,"RB Leipzig - Schalke 04, 3 - 1",4,3,1,RB Leipzig,Schalke 04,2975,2449,2.7118287217911794,14.0,0.479045893343776,8.0,0.19370205155651282,0.059880736667972,2.68937,0.20867,2.77677,0.14418
147,2516896,"Eintracht Frankfurt - Freiburg, 1 - 1",2,1,1,Eintracht Frankfurt,Freiburg,2462,2453,1.8444168099844087,12.0,0.2334636153912604,2.0,0.15370140083203407,0.1167318076956302,2.56161,0.2703,2.60856,0.23742
148,2516895,"Werder Bremen - Hoffenheim, 1 - 1",2,1,1,Werder Bremen,Hoffenheim,2443,2482,2.086360990493267,13.0,1.228035910509134,10.0,0.16048930696102054,0.1228035910509134,1.95834,0.82761,1.98988,0.78484
149,2516898,"Augsburg - Hamburger SV, 1 - 0",1,1,0,Augsburg,Hamburger SV,2481,2450,1.3119844196754131,16.0,0.4853363747590321,9.0,0.08199902622971332,0.05392626386211467,2.0271,0.6876,2.03591,0.67907
150,2516899,"Hannover 96 - Mainz 05, 3 - 2",5,3,2,Hannover 96,Mainz 05,2455,2460,2.743654139387331,22.0,1.2440033882056063,12.0,0.12471155179033322,0.10366694901713386,2.26605,0.57111,2.33834,0.50171
151,2516900,"Stuttgart - Hertha BSC, 1 - 0",1,1,0,Stuttgart,Hertha BSC,2445,2457,0.4412520354350034,8.0,1.6932195204451044,11.0,0.055156504429375426,0.15392904731319132,0.45791,2.32742,0.42024,2.3766
152,2516897,"Bayer Leverkusen - Bayern München, 1 - 3",4,1,3,Bayer Leverkusen,Bayern München,2446,2444,0.9896730504087352,11.0,1.5097186650466912,15.0,0.08997027730988502,0.10064791100311274,0.98581,1.75363,0.96848,1.76267
153,2516884,"RB Leipzig - Hertha BSC, 2 - 3",5,2,3,RB Leipzig,Hertha BSC,2975,2457,1.924268745729779,20.0,1.0944564559257357,7.0,0.09621343728648894,0.1563509222751051,1.93806,0.83541,1.9519,0.8167
154,2516890,"Hannover 96 - Bayer Leverkusen, 4 - 4",8,4,4,Hannover 96,Bayer Leverkusen,2455,2446,2.021612797463244,16.0,2.0465126377941014,19.0,0.12635079984145275,0.10771119146284744,1.37735,1.40879,1.37742,1.38819
155,2516883,"Borussia Dortmund - Hoffenheim, 2 - 1",3,2,1,Borussia Dortmund,Hoffenheim,2447,2482,2.2740770919697124,12.0,1.023601665833039,12.0,0.18950642433080936,0.0853001388194199,2.20446,0.60729,2.31994,0.49501
156,2516888,"Eintracht Frankfurt - Schalke 04, 2 - 2",4,2,2,Eintracht Frankfurt,Schalke 04,2462,2449,2.099493742142564,6.0,1.544412040403999,14.0,0.34991562369042734,0.11031514574314279,1.7943,0.98214,1.82948,0.9269
157,2516885,"Köln - Wolfsburg, 1 - 0",1,1,0,Köln,Wolfsburg,2463,2451,2.152812672761796,17.0,0.8695157542035145,8.0,0.12663603957422329,0.10868946927543931,2.23807,0.57112,2.2751,0.53672
158,2516886,"Werder Bremen - Mainz 05, 2 - 2",4,2,2,Werder Bremen,Mainz 05,2443,2460,0.8885514750676876,11.0,1.4390432017055448,9.0,0.08077740682433524,0.15989368907839385,0.938,1.78928,0.87485,1.8452
159,2516889,"Augsburg - Freiburg, 3 - 3",6,3,3,Augsburg,Freiburg,2481,2453,1.7991213318726058,18.0,1.2341833591913314,8.0,0.09995118510403365,0.15427291989891642,1.75818,1.00314,1.75879,0.99283
160,2516891,"Stuttgart - Bayern München, 0 - 1",1,0,1,Stuttgart,Bayern München,2445,2444,1.3642705570496907,9.0,0.8142621251632117,13.0,0.15158561744996563,0.06263554808947783,1.80542,0.91643,1.88971,0.82507
161,2516887,"Borussia M'gladbach - Hamburger SV, 3 - 1",4,3,1,Borussia M'gladbach,Hamburger SV,2454,2450,1.209214334977314,13.0,0.7297091582971924,8.0,0.09301648730594722,0.09121364478714905,1.74743,0.95048,1.76577,0.92955
162,2516874,"Bayern München - Köln, 1 - 0",1,1,0,Bayern München,Köln,2444,2463,3.3270264669429146,25.0,0.3287139859169524,7.0,0.13308105867771658,0.04695914084527891,2.85127,0.09433,2.8834,0.07204
163,2516876,"Hertha BSC - Hannover 96, 3 - 1",4,3,1,Hertha BSC,Hannover 96,2457,2455,2.031686632054103,15.0,2.0934892946132826,18.0,0.13544577547027353,0.11630496081184903,1.35468,1.43175,1.34083,1.42378
164,2516878,"Schalke 04 - Augsburg, 3 - 2",5,3,2,Schalke 04,Augsburg,2449,2481,3.0856416946947047,8.0,1.7655978025804775,14.0,0.3857052118368381,0.1261141287557484,2.19432,0.64278,2.30545,0.52438
165,2516879,"Bayer Leverkusen - Werder Bremen, 1 - 0",1,1,0,Bayer Leverkusen,Werder Bremen,2446,2443,2.305430510430599,15.0,0.2709173415441456,5.0,0.15369536736203993,0.05418346830882912,2.68324,0.19864,2.80803,0.11442
166,2516875,"Hoffenheim - Stuttgart, 1 - 0",1,1,0,Hoffenheim,Stuttgart,2482,2445,2.106247538284274,11.0,0.9269234478413604,7.0,0.19147704893493397,0.13241763540590862,2.18242,0.61759,2.26647,0.5364
167,2516880,"Hamburger SV - Eintracht Frankfurt, 1 - 2",3,1,2,Hamburger SV,Eintracht Frankfurt,2450,2462,1.5359120233310994,15.0,1.14346344206376,10.0,0.10239413488873997,0.11434634420637599,1.63949,1.10039,1.65101,1.08779
168,2516881,"Mainz 05 - Borussia Dortmund, 0 - 2",2,0,2,Mainz 05,Borussia Dortmund,2460,2447,0.9314583838799682,13.0,1.7395891573742024,15.0,0.07165064491384371,0.11597261049161349,0.81164,1.95206,0.78153,1.98099
169,2516877,"Freiburg - Borussia M'gladbach, 1 - 0",1,1,0,Freiburg,Borussia M'gladbach,2453,2454,1.789847866064771,22.0,0.2746296855998355,6.0,0.08135672118476232,0.045771614266639254,2.47591,0.33235,2.6123,0.23915
170,2516882,"Wolfsburg - RB Leipzig, 1 - 1",2,1,1,Wolfsburg,RB Leipzig,2451,2975,2.595276850742705,15.0,1.0206272522298672,15.0,0.17301845671618032,0.06804181681532448,2.3511,0.49275,2.43073,0.41695
171,2516870,"Augsburg - Hertha BSC, 1 - 1",2,1,1,Augsburg,Hertha BSC,2481,2457,1.0716963411514469,14.0,1.2579303304597718,8.0,0.07654973865367477,0.15724129130747147,1.19471,1.52117,1.08486,1.5861
172,2516872,"Hannover 96 - Hoffenheim, 2 - 0",2,2,0,Hannover 96,Hoffenheim,2455,2482,1.3801490713692244,12.0,1.0065009599726793,10.0,0.11501242261410204,0.10065009599726793,1.65303,1.07157,1.67512,1.04224
173,2516867,"Köln - Freiburg, 3 - 4",7,3,4,Köln,Freiburg,2463,2453,1.445253417522471,6.0,4.233274066325476,24.0,0.24087556958707848,0.17638641943022818,0.24606,2.66997,0.13568,2.79761
174,2516868,"Borussia M'gladbach - Schalke 04, 1 - 1",2,1,1,Borussia M'gladbach,Schalke 04,2454,2449,1.8881339538982356,12.0,1.2415035804715344,12.0,0.1573444961581863,0.1034586317059612,1.82797,0.93964,1.88527,0.86779
175,2516865,"Borussia Dortmund - Werder Bremen, 1 - 2",3,1,2,Borussia Dortmund,Werder Bremen,2447,2443,2.2319597246560114,12.0,0.6853732359180967,9.0,0.1859966437213343,0.07615258176867741,2.41163,0.42191,2.51385,0.33756
176,2516866,"RB Leipzig - Mainz 05, 2 - 2",4,2,2,RB Leipzig,Mainz 05,2975,2460,1.476637335461646,12.0,1.0431593466758953,13.0,0.1230531112884705,0.08024302666737657,1.69056,1.0443,1.74875,0.96527
177,2516869,"Eintracht Frankfurt - Bayern München, 0 - 1",1,0,1,Eintracht Frankfurt,Bayern München,2462,2444,0.6234960756227055,10.0,0.7542952068770921,7.0,0.06234960756227055,0.10775645812529887,1.17944,1.43426,1.16158,1.45252
178,2516871,"Hamburger SV - Wolfsburg, 0 - 0",0,0,0,Hamburger SV,Wolfsburg,2450,2451,0.9109857499888938,11.0,0.0831184998259565,2.0,0.08281688636262671,0.04155924991297825,2.13001,0.48337,2.14548,0.4734
179,2516873,"Stuttgart - Bayer Leverkusen, 0 - 2",2,0,2,Stuttgart,Bayer Leverkusen,2445,2446,0.6228150939984736,9.0,1.5944852006081531,17.0,0.06920167711094151,0.09379324709459724,0.65438,2.09858,0.64147,2.11576
180,2516864,"Wolfsburg - Borussia M'gladbach, 3 - 0",3,3,0,Wolfsburg,Borussia M'gladbach,2451,2454,1.3381399368160851,14.0,0.9894179188109412,17.0,0.0955814240582918,0.05820105404770243,1.63098,1.09032,1.66867,1.04941
181,2516858,"Hertha BSC - Eintracht Frankfurt, 1 - 2",3,1,2,Hertha BSC,Eintracht Frankfurt,2457,2462,0.815089590989357,15.0,0.6338132568253532,7.0,0.05433930606595713,0.09054475097505045,1.46823,1.15893,1.485,1.14261
182,2516861,"Schalke 04 - Köln, 2 - 2",4,2,2,Schalke 04,Köln,2449,2463,2.3663985802729326,22.0,1.783059064794009,7.0,0.10756357183058785,0.25472272354200126,1.74014,1.05155,1.77159,0.98814
183,2516856,"Bayern München - Hannover 96, 3 - 1",4,3,1,Bayern München,Hannover 96,2444,2455,2.812002985508647,31.0,1.449688281603513,8.0,0.09070977372608538,0.18121103520043913,2.1774,0.65436,2.26117,0.5506
184,2516857,"Hoffenheim - RB Leipzig, 4 - 0",4,4,0,Hoffenheim,RB Leipzig,2482,2975,1.4053561753889807,10.0,0.3366531216231138,10.0,0.14053561753889807,0.033665312162311375,2.24969,0.49382,2.26424,0.485
185,2516860,"Werder Bremen - Stuttgart, 1 - 0",1,1,0,Werder Bremen,Stuttgart,2443,2445,1.055877091489983,15.0,0.9820222608132856,11.0,0.07039180609933221,0.08927475098302597,1.40009,1.29239,1.39535,1.295
186,2516862,"Bayer Leverkusen - Borussia Dortmund, 1 - 1",2,1,1,Bayer Leverkusen,Borussia Dortmund,2446,2447,1.3628027088143095,15.0,0.8741777082691896,9.0,0.09085351392095396,0.0971308564743544,1.73596,0.98326,1.74577,0.97324
187,2516863,"Mainz 05 - Augsburg, 1 - 3",4,1,3,Mainz 05,Augsburg,2460,2481,0.919330612290153,16.0,1.933150119753403,10.0,0.05745816326813456,0.1933150119753403,0.68535,2.10003,0.60425,2.18084
188,2516859,"Freiburg - Hamburger SV, 0 - 0",0,0,0,Freiburg,Hamburger SV,2453,2450,1.9377162543794797,21.0,0.8369956804665273,9.0,0.09227220258949903,0.09299952005183637,2.13473,0.65237,2.15294,0.63503
189,2516849,"Köln - Hertha BSC, 0 - 2",2,0,2,Köln,Hertha BSC,2463,2457,0.9644825000137262,15.0,2.692066816720006,11.0,0.0642988333342484,0.244733346974546,0.4184,2.44001,0.2867,2.58794
190,2516854,"Hamburger SV - Hoffenheim, 3 - 0",3,3,0,Hamburger SV,Hoffenheim,2450,2482,1.499065635677137,17.0,0.9162555518972978,12.0,0.08818033151041982,0.07635462932477481,1.79717,0.93713,1.81929,0.91116
191,2516851,"Borussia M'gladbach - Bayern München, 2 - 1",3,2,1,Borussia M'gladbach,Bayern München,2454,2444,1.5144874389729228,7.0,1.662270705351326,22.0,0.21635534842470325,0.07555775933415118,1.2934,1.4614,1.28181,1.43928
192,2516847,"Borussia Dortmund - Schalke 04, 4 - 4",8,4,4,Borussia Dortmund,Schalke 04,2447,2449,1.3420731167612234,11.0,0.9683077524748692,12.0,0.12200664697829304,0.0806923127062391,1.65019,1.0672,1.65521,1.05998
193,2516848,"RB Leipzig - Werder Bremen, 2 - 0",2,2,0,RB Leipzig,Werder Bremen,2975,2443,1.2014817446534076,14.0,0.9072075063024057,9.0,0.08582012461810054,0.10080083403360063,1.5818,1.11902,1.58098,1.11799
194,2516850,"Freiburg - Mainz 05, 2 - 1",3,2,1,Freiburg,Mainz 05,2453,2460,1.3563831260718449,16.0,0.911008220123052,16.0,0.0847739453794903,0.05693801375769075,1.69657,1.02544,1.69915,1.01575
195,2516853,"Augsburg - Wolfsburg, 2 - 1",3,2,1,Augsburg,Wolfsburg,2481,2451,2.350159004145657,22.0,0.4440640539225153,4.0,0.10682540927934804,0.11101601348062883,2.58565,0.27676,2.66648,0.21068
196,2516852,"Eintracht Frankfurt - Bayer Leverkusen, 0 - 1",1,0,1,Eintracht Frankfurt,Bayer Leverkusen,2462,2446,1.0642527724324184,11.0,1.1170467672681572,12.0,0.09675025203931077,0.09308723060567976,1.32071,1.38386,1.3102,1.39162
197,2516855,"Hannover 96 - Stuttgart, 1 - 1",2,1,1,Hannover 96,Stuttgart,2455,2445,2.619725433670967,15.0,1.9601001968421137,13.0,0.17464836224473113,0.15077693821862412,1.79459,1.01228,1.85388,0.91908
198,2516841,"Werder Bremen - Hannover 96, 4 - 0",4,4,0,Werder Bremen,Hannover 96,2443,2455,1.9163683205061648,15.0,0.7341130161708878,11.0,0.12775788803374433,0.06673754692462616,2.21091,0.58347,2.22424,0.56695
199,2516842,"Schalke 04 - Hamburger SV, 2 - 0",2,2,0,Schalke 04,Hamburger SV,2449,2450,1.755622134219854,12.0,0.8215631210082663,7.0,0.14630184451832115,0.11736616014403804,2.0518,0.71497,2.13909,0.62535
200,2516840,"Hertha BSC - Borussia M'gladbach, 2 - 4",6,2,4,Hertha BSC,Borussia M'gladbach,2457,2454,2.7544656103247243,16.0,1.6064744050889497,8.0,0.17215410064529527,0.2008093006361187,2.06896,0.74854,2.14874,0.65162
201,2516838,"Bayern München - Augsburg, 3 - 0",3,3,0,Bayern München,Augsburg,2444,2481,1.334596059922491,15.0,0.490430364443302,8.0,0.08897307066149941,0.06130379555541275,2.04123,0.67749,2.06355,0.65619
202,2516839,"Hoffenheim - Eintracht Frankfurt, 1 - 1",2,1,1,Hoffenheim,Eintracht Frankfurt,2482,2462,0.9254804414017154,13.0,0.6097265671534595,5.0,0.07119080318474734,0.1219453134306919,1.59561,1.04895,1.61467,1.03066
203,2516843,"Bayer Leverkusen - RB Leipzig, 2 - 2",4,2,2,Bayer Leverkusen,RB Leipzig,2446,2975,1.4790851670322396,12.0,2.2157186351620006,12.0,0.12325709725268663,0.18464321959683339,0.92018,1.87049,0.80069,1.96613
204,2516844,"Mainz 05 - Köln, 1 - 0",1,1,0,Mainz 05,Köln,2460,2463,1.237310217943952,11.0,0.6389581872890309,10.0,0.11248274708581381,0.06389581872890308,1.84323,0.85584,1.96191,0.73995
205,2516845,"Wolfsburg - Freiburg, 3 - 1",4,3,1,Wolfsburg,Freiburg,2451,2453,1.9874498910017848,15.0,0.7340847365453979,11.0,0.13249665940011898,0.06673497604958162,2.24136,0.55692,2.28685,0.51553
206,2516846,"Stuttgart - Borussia Dortmund, 2 - 1",3,2,1,Stuttgart,Borussia Dortmund,2445,2447,2.8400279824518737,7.0,1.7398647485588108,11.0,0.40571828320741055,0.15816952259625552,2.08897,0.72919,2.17907,0.62258
207,2516837,"Wolfsburg - Hertha BSC, 3 - 3",6,3,3,Wolfsburg,Hertha BSC,2451,2457,2.5999658150605978,20.0,1.200396612708575,10.0,0.12999829075302988,0.1200396612708575,2.23261,0.59497,2.30824,0.51865
208,2516831,"Köln - Hoffenheim, 0 - 3",3,0,3,Köln,Hoffenheim,2463,2482,0.65757315651813,12.0,3.2966210290848803,20.0,0.054797763043177496,0.164831051454244,0.18369,2.73696,0.10725,2.8359
209,2516829,"Borussia Dortmund - Bayern München, 1 - 3",4,1,3,Borussia Dortmund,Bayern München,2447,2444,2.3187669557617845,14.0,1.109230194275649,10.0,0.16562621112584175,0.11092301942756491,2.16384,0.64539,2.27549,0.53084
210,2516830,"RB Leipzig - Hannover 96, 2 - 1",3,2,1,RB Leipzig,Hannover 96,2975,2455,2.2626519341569167,18.0,0.8784678468326598,9.0,0.1257028852309398,0.09760753853696219,2.27911,0.53791,2.35864,0.46837
211,2516832,"Freiburg - Schalke 04, 0 - 1",1,0,1,Freiburg,Schalke 04,2453,2449,1.0494323492076365,13.0,0.7970028593923378,9.0,0.08072556532366434,0.08855587326581532,1.54935,1.12977,1.56261,1.11216
212,2516833,"Borussia M'gladbach - Mainz 05, 1 - 1",2,1,1,Borussia M'gladbach,Mainz 05,2454,2460,0.7649644103956242,9.0,0.9281152817779342,20.0,0.0849960455995138,0.04640576408889671,1.19771,1.46441,1.19349,1.46493
213,2516835,"Augsburg - Bayer Leverkusen, 1 - 1",2,1,1,Augsburg,Bayer Leverkusen,2481,2446,2.386223841067805,15.0,0.913750926091618,9.0,0.15908158940452033,0.10152788067684644,2.33036,0.50075,2.3895,0.44559
214,2516836,"Hamburger SV - Stuttgart, 3 - 1",4,3,1,Hamburger SV,Stuttgart,2450,2445,1.8060729708302072,19.0,0.9449011126550676,3.0,0.09505647214895828,0.3149670375516892,1.96815,0.78693,2.01029,0.72131
215,2516834,"Eintracht Frankfurt - Werder Bremen, 2 - 1",3,2,1,Eintracht Frankfurt,Werder Bremen,2462,2443,1.6897474809651405,11.0,0.9982374041364968,10.0,0.15361340736046733,0.09982374041364968,1.88015,0.87536,1.90397,0.84761
216,2516828,"Stuttgart - Freiburg, 3 - 0",3,3,0,Stuttgart,Freiburg,2445,2453,1.3501868287146848,17.0,0.4679069018524087,5.0,0.07942275463027558,0.09358138037048173,2.06684,0.65387,2.10467,0.62045
217,2516823,"Werder Bremen - Augsburg, 0 - 3",3,0,3,Werder Bremen,Augsburg,2443,2481,0.7995626111609423,12.0,2.577844986676534,16.0,0.06663021759674519,0.16111531166728338,0.38807,2.46833,0.3175,2.54653
218,2516820,"Bayern München - RB Leipzig, 2 - 0",2,2,0,Bayern München,RB Leipzig,2444,2975,2.4834248298563057,22.0,0.3430356597455846,3.0,0.11288294681165026,0.11434521991519486,2.68408,0.20308,2.70019,0.19186
219,2516821,"Hoffenheim - Borussia M'gladbach, 1 - 3",4,1,3,Hoffenheim,Borussia M'gladbach,2482,2454,1.4540605762316523,17.0,1.299024184082841,15.0,0.08553297507245014,0.08660161227218939,1.47636,1.263,1.48789,1.24861
220,2516822,"Hertha BSC - Hamburger SV, 2 - 1",3,2,1,Hertha BSC,Hamburger SV,2457,2450,1.0232703528056166,8.0,1.1608303731611755,10.0,0.12790879410070208,0.11608303731611755,1.24448,1.45622,1.23653,1.46183
221,2516824,"Schalke 04 - Wolfsburg, 1 - 1",2,1,1,Schalke 04,Wolfsburg,2449,2451,1.549569619916931,12.0,1.2023346380777635,7.0,0.12913080165974425,0.1717620911539662,1.62271,1.11622,1.62953,1.03286
222,2516825,"Bayer Leverkusen - Köln, 2 - 1",3,2,1,Bayer Leverkusen,Köln,2446,2463,1.5875398689518074,14.0,0.8129994504147321,7.0,0.1133957049251291,0.11614277863067601,1.95096,0.79629,1.95362,0.76892
223,2516827,"Hannover 96 - Borussia Dortmund, 4 - 2",6,4,2,Hannover 96,Borussia Dortmund,2455,2447,2.222659250742556,13.0,1.1559700659493246,9.0,0.17097378851865816,0.12844111843881384,2.08255,0.71659,2.15779,0.63154
224,2516826,"Mainz 05 - Eintracht Frankfurt, 1 - 1",2,1,1,Mainz 05,Eintracht Frankfurt,2460,2462,0.9019056143750336,6.0,0.6261288386772021,7.0,0.15031760239583894,0.08944697695388602,1.5788,1.06538,1.6203,1.02315
225,2516819,"Wolfsburg - Hoffenheim, 1 - 1",2,1,1,Wolfsburg,Hoffenheim,2451,2482,2.314784812806785,16.0,1.7949648376341698,13.0,0.14467405080042406,0.13807421827955152,1.7115,1.08252,1.74542,1.01285
226,2516813,"Freiburg - Hertha BSC, 1 - 1",2,1,1,Freiburg,Hertha BSC,2453,2457,2.2734476802263397,17.0,2.2552324464961937,11.0,0.13373221648390232,0.20502113149965398,1.3929,1.39836,1.36412,1.37984
227,2516812,"Köln - Werder Bremen, 0 - 0",0,0,0,Köln,Werder Bremen,2463,2443,2.173691567525408,17.0,1.5833363922332409,13.0,0.12786420985443575,0.12179510709486469,1.76225,1.02464,1.7915,0.98096
228,2516818,"Hamburger SV - Bayern München, 0 - 1",1,0,1,Hamburger SV,Bayern München,2450,2444,0.1557735385901653,5.0,2.4258273340643366,20.0,0.03115470771803306,0.12129136670321683,0.13529,2.76947,0.10224,2.82291
229,2516811,"RB Leipzig - Stuttgart, 1 - 0",1,1,0,RB Leipzig,Stuttgart,2975,2445,1.4459472715872357,14.0,0.7358770562463456,8.0,0.10328194797051683,0.0919846320307932,1.91364,0.81735,1.98507,0.73431
230,2516814,"Borussia M'gladbach - Bayer Leverkusen, 1 - 5",6,1,5,Borussia M'gladbach,Bayer Leverkusen,2454,2446,2.056765395071228,16.0,1.1303545245042994,12.0,0.12854783719195176,0.09419621037535829,1.99689,0.79095,2.03529,0.74838
231,2516816,"Eintracht Frankfurt - Borussia Dortmund, 2 - 2",4,2,2,Eintracht Frankfurt,Borussia Dortmund,2462,2447,1.7122956873442317,13.0,1.6873190844286072,18.0,0.13171505287263321,0.09373994913492262,1.40689,1.35742,1.4225,1.32149
232,2516817,"Augsburg - Hannover 96, 1 - 2",3,1,2,Augsburg,Hannover 96,2481,2455,1.3146834123581244,14.0,0.631164633559169,8.0,0.09390595802558031,0.07889557919489612,1.90015,0.80836,1.91538,0.79599
233,2516815,"Schalke 04 - Mainz 05, 2 - 0",2,2,0,Schalke 04,Mainz 05,2449,2460,1.3344507820557987,12.0,0.2634601131044389,4.0,0.11120423183798323,0.06586502827610972,2.26193,0.46874,2.45055,0.33657
234,2516806,"Werder Bremen - Borussia M'gladbach, 0 - 2",2,0,2,Werder Bremen,Borussia M'gladbach,2443,2454,1.3503356048447892,16.0,1.1311066563411334,13.0,0.08439597530279933,0.08700820433393333,1.52457,1.20321,1.54168,1.18108
235,2516807,"Bayer Leverkusen - Wolfsburg, 2 - 2",4,2,2,Bayer Leverkusen,Wolfsburg,2446,2451,2.5131347621432814,16.0,1.015164042708847,11.0,0.15707092263395508,0.09228764024625882,2.31466,0.51946,2.36996,0.46835
236,2516803,"Borussia Dortmund - RB Leipzig, 2 - 3",5,2,3,Borussia Dortmund,RB Leipzig,2447,2975,2.2044030992598618,15.0,2.0494315862325574,6.0,0.14696020661732412,0.34157193103875955,1.46363,1.31474,1.42958,1.29845
237,2516802,"Bayern München - Freiburg, 5 - 0",5,5,0,Bayern München,Freiburg,2444,2453,2.239500181293463,19.0,0.4509480629661129,6.0,0.11786843059439278,0.07515801049435215,2.54432,0.30707,2.59146,0.27093
238,2516804,"Hoffenheim - Augsburg, 2 - 2",4,2,2,Hoffenheim,Augsburg,2482,2481,2.287032414540722,24.0,0.9385104404582348,10.0,0.09529301727253009,0.09385104404582348,2.23541,0.58088,2.27878,0.5344
239,2516805,"Hertha BSC - Schalke 04, 0 - 2",2,0,2,Hertha BSC,Schalke 04,2457,2449,0.0511587311257937,2.0,1.547445682479997,9.0,0.02557936556289685,0.1719384091644441,0.2169,2.59305,0.13176,2.75283
240,2516808,"Mainz 05 - Hamburger SV, 3 - 2",5,3,2,Mainz 05,Hamburger SV,2460,2450,0.7094039784324753,13.0,1.8227368113765263,8.0,0.0545695368024981,0.2278421014220658,0.57695,2.21195,0.50999,2.28086
241,2516809,"Hannover 96 - Eintracht Frankfurt, 1 - 2",3,1,2,Hannover 96,Eintracht Frankfurt,2455,2462,1.34007352735566,10.0,0.6455516492565277,11.0,0.13400735273556602,0.05868651356877525,1.92934,0.7894,1.94702,0.77129
242,2516810,"Stuttgart - Köln, 2 - 1",3,2,1,Stuttgart,Köln,2445,2463,2.174992041422896,21.0,2.1506381497131617,18.0,0.10357104959156646,0.11947989720628677,1.40722,1.38559,1.40244,1.38078
243,2516793,"Köln - RB Leipzig, 1 - 2",3,1,2,Köln,RB Leipzig,2463,2975,1.1244473687361676,15.0,2.583862353725469,22.0,0.07496315791574451,0.11744828880570313,0.57042,2.26392,0.53452,2.30008
244,2516794,"Hertha BSC - Bayern München, 2 - 2",4,2,2,Hertha BSC,Bayern München,2457,2444,1.611075143257216,10.0,1.051939873212523,15.0,0.1611075143257216,0.07012932488083486,1.7908,0.95881,1.82449,0.9175
245,2516795,"Freiburg - Hoffenheim, 3 - 2",5,3,2,Freiburg,Hoffenheim,2453,2482,1.70949843143506,15.0,1.063571470387111,14.0,0.11396656209567067,0.07596939074193651,1.83315,0.9243,1.88,0.87095
246,2516800,"Hamburger SV - Werder Bremen, 0 - 0",0,0,0,Hamburger SV,Werder Bremen,2450,2443,1.1178877880047178,15.0,0.5077287493272862,8.0,0.07452585253364785,0.06346609366591077,1.86863,0.80669,1.86834,0.80712
247,2516796,"Borussia M'gladbach - Hannover 96, 2 - 1",3,2,1,Borussia M'gladbach,Hannover 96,2454,2455,2.134828634113763,21.0,1.7717201540384349,14.0,0.10165850638636967,0.12655143957417392,1.6092,1.17369,1.63242,1.11864
248,2516798,"Eintracht Frankfurt - Stuttgart, 2 - 1",3,2,1,Eintracht Frankfurt,Stuttgart,2462,2445,0.9644906976123592,10.0,1.549663650405967,12.0,0.09644906976123592,0.1291386375338306,0.9315,1.80969,0.90758,1.82639
249,2516799,"Augsburg - Borussia Dortmund, 1 - 2",3,1,2,Augsburg,Borussia Dortmund,2481,2447,1.0975888613573472,10.0,2.4652844480492857,13.0,0.10975888613573473,0.18963726523456043,0.57348,2.25045,0.49326,2.3346
250,2516801,"Wolfsburg - Mainz 05, 1 - 1",2,1,1,Wolfsburg,Mainz 05,2451,2460,0.909894961374549,6.0,0.9022068358683464,10.0,0.1516491602290915,0.09022068358683463,1.35208,1.32019,1.35219,1.31169
251,2516797,"Schalke 04 - Bayer Leverkusen, 1 - 1",2,1,1,Schalke 04,Bayer Leverkusen,2449,2446,0.911879165219511,13.0,0.6611925366185982,10.0,0.07014455117073161,0.06611925366185982,1.55062,1.0993,1.55512,1.09036
252,2516789,"Bayer Leverkusen - Hamburger SV, 3 - 0",3,3,0,Bayer Leverkusen,Hamburger SV,2446,2450,2.335803425283518,16.0,0.7775119065227324,11.0,0.14598771408021988,0.07068290059297568,2.37916,0.45391,2.41388,0.42458
253,2516791,"Hannover 96 - Köln, 0 - 0",0,0,0,Hannover 96,Köln,2455,2463,1.7159765801915363,13.0,0.7513289840524401,7.0,0.13199819847627203,0.10733271200749143,2.08483,0.6802,2.09873,0.6644
254,2516785,"Borussia Dortmund - Borussia M'gladbach, 6 - 1",7,6,1,Borussia Dortmund,Borussia M'gladbach,2447,2454,2.801619068490585,16.0,0.8839940370734811,8.0,0.17510119178066155,0.11049925463418514,2.50695,0.35964,2.55624,0.31734
255,2516786,"RB Leipzig - Eintracht Frankfurt, 2 - 1",3,2,1,RB Leipzig,Eintracht Frankfurt,2975,2462,1.6145777073439698,14.0,0.7332344132905431,7.0,0.11532697909599784,0.10474777332722043,2.03394,0.71838,2.09108,0.65822
256,2516787,"Hoffenheim - Schalke 04, 2 - 0",2,2,0,Hoffenheim,Schalke 04,2482,2449,1.1588099112699963,12.0,1.6011526666259537,15.0,0.09656749260583303,0.10674351110839692,1.05685,1.69216,1.0364,1.70303
257,2516788,"Werder Bremen - Freiburg, 0 - 0",0,0,0,Werder Bremen,Freiburg,2443,2453,2.09920859752961,16.0,0.946782676141964,13.0,0.13120053734560064,0.07282943662630492,2.15402,0.64562,2.24915,0.55397
258,2516790,"Mainz 05 - Hertha BSC, 1 - 0",1,1,0,Mainz 05,Hertha BSC,2460,2457,1.1534694578431903,8.0,0.4193902304438338,4.0,0.1441836822303988,0.10484755761095844,1.99428,0.69096,2.13904,0.55207
259,2516792,"Stuttgart - Augsburg, 0 - 0",0,0,0,Stuttgart,Augsburg,2445,2481,1.180555405052305,13.0,0.5797261739858707,9.0,0.0908119542347927,0.06441401933176341,1.84667,0.84173,1.90946,0.78608
260,2516784,"Bayern München - Wolfsburg, 2 - 2",4,2,2,Bayern München,Wolfsburg,2444,2451,2.66190085696526,17.0,0.8127244839201665,8.0,0.15658240335089763,0.10159056049002081,2.49366,0.36837,2.57118,0.3
261,2516776,"Hertha BSC - Bayer Leverkusen, 2 - 1",3,2,1,Hertha BSC,Bayer Leverkusen,2457,2446,0.3904299666343374,5.0,0.5498806178676953,11.0,0.07808599332686747,0.049989147078881385,1.10117,1.42313,1.09827,1.42419
262,2516777,"Freiburg - Hannover 96, 1 - 1",2,1,1,Freiburg,Hannover 96,2453,2455,2.920148977074843,21.0,1.2578597144127783,14.0,0.13905471319404014,0.0898471224580556,2.33368,0.51652,2.4747,0.38244
263,2516781,"Hamburger SV - Borussia Dortmund, 0 - 3",3,0,3,Hamburger SV,Borussia Dortmund,2450,2447,0.3744966850006264,6.0,2.558820937021435,14.0,0.062416114166771064,0.18277292407295964,0.19376,2.70194,0.12462,2.79837
264,2516782,"Mainz 05 - Hoffenheim, 2 - 3",5,2,3,Mainz 05,Hoffenheim,2460,2482,1.3635047835790206,20.0,1.7253391459241814,17.0,0.06817523917895103,0.10149053799554009,1.13073,1.63056,1.13139,1.62528
265,2516775,"Köln - Eintracht Frankfurt, 0 - 1",1,0,1,Köln,Eintracht Frankfurt,2463,2462,1.2428726283648024,15.0,1.3167216137773647,8.0,0.08285817522432017,0.1645902017221706,1.29354,1.43466,1.24688,1.4477
266,2516779,"Schalke 04 - Bayern München, 0 - 3",3,0,3,Schalke 04,Bayern München,2449,2444,1.0437584016255297,11.0,1.966348604480756,12.0,0.0948871274205027,0.16386238370672968,0.76207,2.01682,0.68236,2.0863
267,2516780,"Augsburg - RB Leipzig, 1 - 0",1,1,0,Augsburg,RB Leipzig,2481,2975,0.8298613627316495,11.0,0.7409909354523911,13.0,0.07544194206651358,0.05699930272710701,1.40218,1.24093,1.40448,1.2366
268,2516783,"Wolfsburg - Werder Bremen, 1 - 1",2,1,1,Wolfsburg,Werder Bremen,2451,2443,1.2808165540499583,12.0,1.4155216074615142,11.0,0.10673471283749653,0.12868378249650128,1.27058,1.46465,1.25934,1.45362
269,2516778,"Borussia M'gladbach - Stuttgart, 2 - 0",2,2,0,Borussia M'gladbach,Stuttgart,2454,2445,1.3609014148458862,8.0,0.6266820001012605,10.0,0.17011267685573578,0.06266820001012605,1.96972,0.75478,2.07338,0.6533
270,2516767,"Borussia Dortmund - Köln, 5 - 0",5,5,0,Borussia Dortmund,Köln,2447,2463,2.981843362704728,21.0,0.441573700441673,5.0,0.14199254108117754,0.08831474008833459,2.76007,0.15811,2.82191,0.11375
271,2516772,"Bayer Leverkusen - Freiburg, 4 - 0",4,4,0,Bayer Leverkusen,Freiburg,2446,2453,2.456116816886541,21.0,0.4789463746237243,4.0,0.11695794366126384,0.11973659365593108,2.59897,0.2707,2.68801,0.19954
272,2516769,"Hoffenheim - Hertha BSC, 1 - 1",2,1,1,Hoffenheim,Hertha BSC,2482,2457,0.9634878535352592,8.0,0.8515710927212885,9.0,0.1204359816919074,0.09461901030236539,1.4285,1.2446,1.43028,1.23468
273,2516768,"RB Leipzig - Borussia M'gladbach, 2 - 2",4,2,2,RB Leipzig,Borussia M'gladbach,2975,2454,1.0212539921304271,9.0,1.687478928861481,9.0,0.11347266579226968,0.18749765876238678,0.88149,1.87221,0.80845,1.92883
274,2516766,"Bayern München - Mainz 05, 4 - 0",4,4,0,Bayern München,Mainz 05,2444,2460,2.5944204513315223,25.0,0.696069624010274,11.0,0.10377681805326089,0.06327905672820672,2.51669,0.34838,2.54226,0.32535
275,2516770,"Werder Bremen - Schalke 04, 1 - 2",3,1,2,Werder Bremen,Schalke 04,2443,2449,1.0748629984416662,16.0,0.9976703597212152,10.0,0.06717893740260414,0.09976703597212153,1.41162,1.28307,1.36632,1.3119
276,2516771,"Eintracht Frankfurt - Augsburg, 1 - 2",3,1,2,Eintracht Frankfurt,Augsburg,2462,2481,2.684707466200324,24.0,1.1251068835649929,10.0,0.11186281109168017,0.11251068835649929,2.31184,0.52855,2.33913,0.49914
277,2516774,"Stuttgart - Wolfsburg, 1 - 0",1,1,0,Stuttgart,Wolfsburg,2445,2451,1.1604799917126307,8.0,0.7334712812773253,8.0,0.14505999896407884,0.09168391015966566,1.70502,0.98631,1.73485,0.95323
278,2516773,"Hannover 96 - Hamburger SV, 2 - 0",2,2,0,Hannover 96,Hamburger SV,2455,2450,2.210162639275004,15.0,0.5511314029506987,12.0,0.14734417595166693,0.04592761691255823,2.47919,0.36296,2.55349,0.30445
279,2516761,"Schalke 04 - Stuttgart, 3 - 1",4,3,1,Schalke 04,Stuttgart,2449,2445,1.764210342139746,11.0,1.2035452727831817,10.0,0.16038275837634053,0.12035452727831816,1.77726,0.98133,1.82944,0.91036
280,2516758,"Hertha BSC - Werder Bremen, 1 - 1",2,1,1,Hertha BSC,Werder Bremen,2457,2443,0.6163587699094476,7.0,0.8485686873338236,10.0,0.0880512528442068,0.08485686873338236,1.09887,1.53078,1.09726,1.53412
281,2516757,"Hoffenheim - Bayern München, 2 - 0",2,2,0,Hoffenheim,Bayern München,2482,2444,0.3676325090558629,6.0,2.678138706288652,21.0,0.06127208484264382,0.12753041458517392,0.18081,2.72118,0.14526,2.77116
282,2516759,"Freiburg - Borussia Dortmund, 0 - 0",0,0,0,Freiburg,Borussia Dortmund,2453,2447,0.2822260867068249,5.0,2.113256826301383,26.0,0.056445217341364984,0.08127910870389934,0.25009,2.60353,0.24437,2.61257
283,2516760,"Borussia M'gladbach - Eintracht Frankfurt, 0 - 1",1,0,1,Borussia M'gladbach,Eintracht Frankfurt,2454,2462,1.3936814548992302,15.0,0.9754589191621944,10.0,0.09291209699328201,0.09754589191621944,1.67237,1.05185,1.68369,1.03665
284,2516762,"Augsburg - Köln, 3 - 0",3,3,0,Augsburg,Köln,2481,2463,2.66109569416627,10.0,0.937187493907347,11.0,0.266109569416627,0.08519886308248609,2.4538,0.40201,2.52862,0.33736
285,2516764,"Mainz 05 - Bayer Leverkusen, 3 - 1",4,3,1,Mainz 05,Bayer Leverkusen,2460,2446,0.8325246897961956,14.0,1.0698925148735658,12.0,0.05946604927115683,0.08915770957279716,1.14742,1.53652,1.13721,1.54308
286,2516765,"Wolfsburg - Hannover 96, 1 - 1",2,1,1,Wolfsburg,Hannover 96,2451,2455,1.701107060712612,17.0,1.5732510214296056,8.0,0.10006512121838894,0.1966563776787007,1.44967,1.30852,1.43764,1.27771
287,2516763,"Hamburger SV - RB Leipzig, 0 - 2",2,0,2,Hamburger SV,RB Leipzig,2450,2975,0.3265945898760856,6.0,1.8360335093677491,18.0,0.054432431646014266,0.10200186163154162,0.35041,2.46094,0.32333,2.50088
288,2516755,"Hannover 96 - Schalke 04, 1 - 0",1,1,0,Hannover 96,Schalke 04,2455,2449,0.997332107629723,11.0,0.5483402340187197,7.0,0.09066655523906574,0.07833431914553138,1.72942,0.92584,1.7568,0.90015
289,2516749,"RB Leipzig - Freiburg, 4 - 1",5,4,1,RB Leipzig,Freiburg,2975,2453,3.133458907056293,23.0,0.9300297614182016,7.0,0.1362373437850562,0.13286139448831452,2.57771,0.3074,2.6209,0.27022
290,2516748,"Borussia Dortmund - Hertha BSC, 2 - 0",2,2,0,Borussia Dortmund,Hertha BSC,2447,2457,1.2532290598967202,14.0,0.8743006224294743,7.0,0.0895163614211943,0.12490008891849633,1.64902,1.05793,1.65233,1.04714
291,2516751,"Werder Bremen - Bayern München, 0 - 2",2,0,2,Werder Bremen,Bayern München,2443,2444,0.3963689658634745,4.0,1.1383029172260624,19.0,0.09909224146586862,0.05991067985400328,0.69991,1.97785,0.66609,2.01864
292,2516752,"Eintracht Frankfurt - Wolfsburg, 0 - 1",1,0,1,Eintracht Frankfurt,Wolfsburg,2462,2451,1.4892838586893178,11.0,0.7246709424117814,7.0,0.1353894416990289,0.10352442034454021,1.96092,0.77622,1.97456,0.75659
293,2516753,"Bayer Leverkusen - Hoffenheim, 2 - 2",4,2,2,Bayer Leverkusen,Hoffenheim,2446,2482,1.935200156153223,16.0,0.6018418501022109,6.0,0.12095000975957644,0.10030697501703516,2.30807,0.49433,2.4216,0.39084
294,2516754,"Augsburg - Borussia M'gladbach, 2 - 2",4,2,2,Augsburg,Borussia M'gladbach,2481,2454,2.134940605535002,24.0,1.1899586936385096,13.0,0.08895585856395842,0.0915352841260392,1.98637,0.8056,2.00269,0.79063
295,2516756,"Stuttgart - Mainz 05, 1 - 0",1,1,0,Stuttgart,Mainz 05,2445,2460,1.749777820920989,18.0,0.8124696814083987,13.0,0.09720987894005495,0.062497667800646056,2.03964,0.72759,2.13482,0.62408
296,2516750,"Köln - Hamburger SV, 1 - 3",4,1,3,Köln,Hamburger SV,2463,2450,1.6270006925902856,18.0,1.373504899225116,11.0,0.09038892736612697,0.12486408174773782,1.54284,1.20669,1.52868,1.18662
297,2516743,"Borussia M'gladbach - Köln, 1 - 0",1,1,0,Borussia M'gladbach,Köln,2454,2463,1.8024940281671284,20.0,1.5161532847389063,12.0,0.09012470140835642,0.12634610706157554,1.5774,1.18806,1.56623,1.19399
298,2516742,"Freiburg - Eintracht Frankfurt, 0 - 0",0,0,0,Freiburg,Eintracht Frankfurt,2453,2462,0.4276681423565726,5.0,1.597284215507204,15.0,0.08553362847131452,0.10648561436714693,0.4994,2.26529,0.4796,2.28821
299,2516744,"Schalke 04 - RB Leipzig, 2 - 0",2,2,0,Schalke 04,RB Leipzig,2449,2975,1.3167242166217794,11.0,0.927616981505125,11.0,0.11970220151107086,0.0843288165004659,1.66313,1.05098,1.7312,0.95726
300,2516740,"Hoffenheim - Werder Bremen, 1 - 0",1,1,0,Hoffenheim,Werder Bremen,2482,2443,1.1529748267694138,14.0,0.8064814359600523,10.0,0.08235534476924385,0.08064814359600522,1.63037,1.06292,1.6417,1.04398
301,2516741,"Hertha BSC - Stuttgart, 2 - 0",2,2,0,Hertha BSC,Stuttgart,2457,2445,0.4477194707074278,9.0,0.9058304111636536,8.0,0.04974660785638087,0.1132288013954567,0.87289,1.75732,0.85707,1.77918
302,2516745,"Hamburger SV - Augsburg, 1 - 0",1,1,0,Hamburger SV,Augsburg,2450,2481,0.9097621460299292,12.0,0.9743255830112948,12.0,0.07581351216916077,0.08119379858427457,1.28482,1.39303,1.27854,1.39683
303,2516746,"Mainz 05 - Hannover 96, 0 - 1",1,0,1,Mainz 05,Hannover 96,2460,2455,1.0564976875743308,13.0,0.5576019610175149,6.0,0.08126905289033313,0.09293366016958582,1.76129,0.90296,1.77006,0.89424
304,2516747,"Wolfsburg - Borussia Dortmund, 0 - 3",3,0,3,Wolfsburg,Borussia Dortmund,2451,2447,0.4254552607357257,7.0,1.2258141449611202,13.0,0.06077932296224653,0.09429339576624002,0.67102,2.02966,0.64512,2.06031
305,2516739,"Bayern München - Bayer Leverkusen, 3 - 1",4,3,1,Bayern München,Bayer Leverkusen,2444,2446,2.232691729541619,13.0,2.2443076509157884,20.0,0.17174551765704762,0.11221538254578942,1.39033,1.40347,1.40455,1.36444
