,matchId,label,numbGoals,goals_home,goals_away,team_home,team_away,id_home,id_away,xG_home,shots_home,xG_away,shots_away
0,2517036,"Bayern München - Stuttgart, 1 - 4",5,1,4,Bayern München,Stuttgart,2444,2445,1.4075079070557404,15.0,1.2584365140600684,7.0
1,2517037,"Hoffenheim - Borussia Dortmund, 3 - 1",4,3,1,Hoffenheim,Borussia Dortmund,2482,2447,1.4709686859325533,11.0,0.9470464619352319,10.0
2,2517038,"Hertha BSC - RB Leipzig, 2 - 6",8,2,6,Hertha BSC,RB Leipzig,2457,2975,1.3302711104980298,8.0,1.25675280769032,17.0
3,2517039,"Freiburg - Augsburg, 2 - 0",2,2,0,Freiburg,Augsburg,2453,2481,1.3074697073955877,11.0,0.18067702659820817,4.0
4,2517040,"Schalke 04 - Eintracht Frankfurt, 1 - 0",1,1,0,Schalke 04,Eintracht Frankfurt,2449,2462,0.9204094712033954,11.0,0.3914318810740523,5.0
5,2517041,"Bayer Leverkusen - Hannover 96, 3 - 2",5,3,2,Bayer Leverkusen,Hannover 96,2446,2455,3.6664017797341915,26.0,1.500971847918046,11.0
6,2517042,"Hamburger SV - Borussia M'gladbach, 2 - 1",3,2,1,Hamburger SV,Borussia M'gladbach,2450,2454,2.425496320023915,17.0,1.0217458613282673,8.0
7,2517043,"Mainz 05 - Werder Bremen, 1 - 2",3,1,2,Mainz 05,Werder Bremen,2460,2443,1.2774994832592006,14.0,0.8704477728744962,13.0
8,2517044,"Wolfsburg - Köln, 4 - 1",5,4,1,Wolfsburg,Köln,2451,2463,2.4657084107542673,18.0,0.6956168027342082,7.0
9,2517027,"Borussia Dortmund - Mainz 05, 1 - 2",3,1,2,Borussia Dortmund,Mainz 05,2447,2460,1.057247497988345,10.0,0.5623123390822787,5.0
10,2517028,"RB Leipzig - Wolfsburg, 4 - 1",5,4,1,RB Leipzig,Wolfsburg,2975,2451,1.595098561311157,13.0,1.0840504262033286,9.0
11,2517029,"Köln - Bayern München, 1 - 3",4,1,3,Köln,Bayern München,2463,2444,0.8930994652661832,9.0,2.6773551250183587,16.0
12,2517030,"Werder Bremen - Bayer Leverkusen, 0 - 0",0,0,0,Werder Bremen,Bayer Leverkusen,2443,2446,0.2250415171629508,4.0,0.7310283597553997,8.0
13,2517031,"Borussia M'gladbach - Freiburg, 3 - 1",4,3,1,Borussia M'gladbach,Freiburg,2454,2453,2.185785285187585,17.0,1.9226002852324267,20.0
14,2517032,"Eintracht Frankfurt - Hamburger SV, 3 - 0",3,3,0,Eintracht Frankfurt,Hamburger SV,2462,2450,1.1647184542624285,14.0,0.5397654591131991,11.0
15,2517033,"Augsburg - Schalke 04, 1 - 2",3,1,2,Augsburg,Schalke 04,2481,2449,0.7811577841134538,12.0,1.2845619509158064,12.0
16,2517034,"Hannover 96 - Hertha BSC, 3 - 1",4,3,1,Hannover 96,Hertha BSC,2455,2457,1.2607745320756543,11.0,1.4055881110712791,15.0
17,2517035,"Stuttgart - Hoffenheim, 2 - 0",2,2,0,Stuttgart,Hoffenheim,2445,2482,0.5846130802388798,5.0,2.6261062700709155,21.0
18,2517022,"Werder Bremen - Borussia Dortmund, 1 - 1",2,1,1,Werder Bremen,Borussia Dortmund,2443,2447,1.7234854705053064,17.0,2.3344330520245924,17.0
19,2517025,"Mainz 05 - RB Leipzig, 3 - 0",3,3,0,Mainz 05,RB Leipzig,2460,2975,2.013233164307052,16.0,0.9374237875647442,6.0
20,2517024,"Bayer Leverkusen - Stuttgart, 0 - 1",1,0,1,Bayer Leverkusen,Stuttgart,2446,2445,3.1919782581206473,21.0,0.1599985162340604,4.0
21,2517018,"Bayern München - Eintracht Frankfurt, 4 - 1",5,4,1,Bayern München,Eintracht Frankfurt,2444,2462,1.0490696682295473,11.0,0.9667477786667785,10.0
22,2517020,"Hertha BSC - Augsburg, 2 - 2",4,2,2,Hertha BSC,Augsburg,2457,2481,1.934409290434194,7.0,0.8989256457864102,12.0
23,2517021,"Freiburg - Köln, 3 - 2",5,3,2,Freiburg,Köln,2453,2463,3.110519369698104,14.0,1.3967236868257447,12.0
24,2517023,"Schalke 04 - Borussia M'gladbach, 1 - 1",2,1,1,Schalke 04,Borussia M'gladbach,2449,2454,1.863202603518492,10.0,1.6773243176186825,11.0
25,2517026,"Wolfsburg - Hamburger SV, 1 - 3",4,1,3,Wolfsburg,Hamburger SV,2451,2450,1.2478636757246866,9.0,2.7274713953919605,14.0
26,2517019,"Hoffenheim - Hannover 96, 3 - 1",4,3,1,Hoffenheim,Hannover 96,2482,2455,1.6531188020652035,15.0,1.8144070476767293,13.0
27,2517011,"Köln - Schalke 04, 2 - 2",4,2,2,Köln,Schalke 04,2463,2449,0.7966575909298732,10.0,1.6400338656828963,19.0
28,2517014,"Augsburg - Mainz 05, 2 - 0",2,2,0,Augsburg,Mainz 05,2481,2460,1.9817198481467857,15.0,0.4024539074267896,7.0
29,2517009,"Borussia Dortmund - Bayer Leverkusen, 4 - 0",4,4,0,Borussia Dortmund,Bayer Leverkusen,2447,2446,2.3581679805124236,16.0,0.6477268612455748,9.0
30,2517010,"RB Leipzig - Hoffenheim, 2 - 5",7,2,5,RB Leipzig,Hoffenheim,2975,2482,1.0478155409612648,14.0,2.9978903593404542,13.0
31,2517013,"Eintracht Frankfurt - Hertha BSC, 0 - 3",3,0,3,Eintracht Frankfurt,Hertha BSC,2462,2457,1.192124608623348,11.0,1.1004443803943365,4.0
32,2517015,"Hamburger SV - Freiburg, 1 - 0",1,1,0,Hamburger SV,Freiburg,2450,2453,1.4592672213671123,11.0,1.5073627635700078,11.0
33,2517016,"Hannover 96 - Bayern München, 0 - 3",3,0,3,Hannover 96,Bayern München,2455,2444,0.48406321051880263,6.0,1.6540913770179118,13.0
34,2517017,"Stuttgart - Werder Bremen, 2 - 0",2,2,0,Stuttgart,Werder Bremen,2445,2443,1.2975468021279157,9.0,0.6961341543254568,9.0
35,2517012,"Borussia M'gladbach - Wolfsburg, 3 - 0",3,3,0,Borussia M'gladbach,Wolfsburg,2454,2451,1.5231792803224489,13.0,0.5862109613880871,8.0
36,2517006,"Mainz 05 - Freiburg, 2 - 0",2,2,0,Mainz 05,Freiburg,2460,2453,1.7622168534740834,12.0,0.6558681327517302,11.0
37,2517003,"Werder Bremen - RB Leipzig, 1 - 1",2,1,1,Werder Bremen,RB Leipzig,2443,2975,1.0279471277075485,15.0,0.7607792170570917,9.0
38,2517004,"Schalke 04 - Borussia Dortmund, 2 - 0",2,2,0,Schalke 04,Borussia Dortmund,2449,2447,0.9751764312727237,12.0,1.1993550633307861,12.0
39,2517000,"Bayern München - Borussia M'gladbach, 5 - 1",6,5,1,Bayern München,Borussia M'gladbach,2444,2454,3.8552936728049265,19.0,0.3252522448677959,4.0
40,2517001,"Hoffenheim - Hamburger SV, 2 - 0",2,2,0,Hoffenheim,Hamburger SV,2482,2450,3.2642445418576242,22.0,0.4774258550420751,12.0
41,2517002,"Hertha BSC - Köln, 2 - 1",3,2,1,Hertha BSC,Köln,2457,2463,1.5482832943966913,12.0,1.5255226070372245,13.0
42,2517005,"Bayer Leverkusen - Eintracht Frankfurt, 4 - 1",5,4,1,Bayer Leverkusen,Eintracht Frankfurt,2446,2462,1.44920007039496,11.0,0.9601256315190657,7.0
43,2517008,"Stuttgart - Hannover 96, 1 - 1",2,1,1,Stuttgart,Hannover 96,2445,2455,0.7678747518478948,11.0,0.4881194112430452,8.0
44,2517007,"Wolfsburg - Augsburg, 0 - 0",0,0,0,Wolfsburg,Augsburg,2451,2481,1.4788546085393417,16.0,0.5299103965177201,8.0
45,2516992,"RB Leipzig - Bayer Leverkusen, 1 - 4",5,1,4,RB Leipzig,Bayer Leverkusen,2975,2446,1.9846505929438347,18.0,1.7912260670754871,13.0
46,2516996,"Eintracht Frankfurt - Hoffenheim, 1 - 1",2,1,1,Eintracht Frankfurt,Hoffenheim,2462,2482,2.0199868339673483,15.0,1.0014250514411616,10.0
47,2516991,"Borussia Dortmund - Stuttgart, 3 - 0",3,3,0,Borussia Dortmund,Stuttgart,2447,2445,2.0120556688499387,14.0,0.7331831113455552,8.0
48,2516998,"Hamburger SV - Schalke 04, 3 - 2",5,3,2,Hamburger SV,Schalke 04,2450,2449,2.035094698275909,15.0,0.9153273702287856,8.0
49,2516993,"Köln - Mainz 05, 1 - 1",2,1,1,Köln,Mainz 05,2463,2460,1.484284358853894,15.0,1.2406827829236067,12.0
50,2516994,"Freiburg - Wolfsburg, 0 - 2",2,0,2,Freiburg,Wolfsburg,2453,2451,1.4532774733303744,13.0,0.7075380462975124,10.0
51,2516995,"Borussia M'gladbach - Hertha BSC, 2 - 1",3,2,1,Borussia M'gladbach,Hertha BSC,2454,2457,1.3353681048528938,9.0,2.348922743986785,12.0
52,2516997,"Augsburg - Bayern München, 1 - 4",5,1,4,Augsburg,Bayern München,2481,2444,0.6304267843286125,7.0,1.4709471221234283,11.0
53,2516999,"Hannover 96 - Werder Bremen, 2 - 1",3,2,1,Hannover 96,Werder Bremen,2455,2443,1.7718551577527712,10.0,1.1971379069539285,11.0
54,2516988,"Mainz 05 - Borussia M'gladbach, 0 - 0",0,0,0,Mainz 05,Borussia M'gladbach,2460,2454,1.055220346263858,15.0,0.8677999881967199,10.0
55,2516985,"Werder Bremen - Eintracht Frankfurt, 2 - 1",3,2,1,Werder Bremen,Eintracht Frankfurt,2443,2462,1.1806166290914835,8.0,0.9595724479917772,11.0
56,2516984,"Hertha BSC - Wolfsburg, 0 - 0",0,0,0,Hertha BSC,Wolfsburg,2457,2451,0.6293446220236737,8.0,0.3705870169513942,6.0
57,2516982,"Bayern München - Borussia Dortmund, 6 - 0",6,6,0,Bayern München,Borussia Dortmund,2444,2447,3.4402320137257547,15.0,0.706303460567437,9.0
58,2516983,"Hoffenheim - Köln, 6 - 0",6,6,0,Hoffenheim,Köln,2482,2463,2.8837515115910595,18.0,0.8863704620894959,5.0
59,2516986,"Schalke 04 - Freiburg, 2 - 0",2,2,0,Schalke 04,Freiburg,2449,2453,1.967096114437401,15.0,0.3330737985900686,6.0
60,2516987,"Bayer Leverkusen - Augsburg, 0 - 0",0,0,0,Bayer Leverkusen,Augsburg,2446,2481,1.5611202955012409,17.0,0.43665135909537467,7.0
61,2516989,"Hannover 96 - RB Leipzig, 2 - 3",5,2,3,Hannover 96,RB Leipzig,2455,2975,1.3476976545355894,12.0,2.3712706266405417,16.0
62,2516990,"Stuttgart - Hamburger SV, 1 - 1",2,1,1,Stuttgart,Hamburger SV,2445,2450,1.1431752089191143,11.0,0.7622810894704942,8.0
63,2516974,"RB Leipzig - Bayern München, 2 - 1",3,2,1,RB Leipzig,Bayern München,2975,2444,2.212655488858948,15.0,1.0070957999151797,9.0
64,2516975,"Köln - Bayer Leverkusen, 2 - 0",2,2,0,Köln,Bayer Leverkusen,2463,2446,1.3241747001789932,8.0,0.8143421788329639,10.0
65,2516973,"Borussia Dortmund - Hannover 96, 1 - 0",1,1,0,Borussia Dortmund,Hannover 96,2447,2455,2.2279621361904303,23.0,1.048113142515745,9.0
66,2516981,"Wolfsburg - Schalke 04, 0 - 1",1,0,1,Wolfsburg,Schalke 04,2451,2449,1.7130382357876905,16.0,1.0121341360605554,9.0
67,2516977,"Borussia M'gladbach - Hoffenheim, 3 - 3",6,3,3,Borussia M'gladbach,Hoffenheim,2454,2482,2.384510013131177,22.0,2.369649944493042,12.0
68,2516978,"Eintracht Frankfurt - Mainz 05, 3 - 0",3,3,0,Eintracht Frankfurt,Mainz 05,2462,2460,2.234139447549299,15.0,0.7955087929237883,13.0
69,2516979,"Augsburg - Werder Bremen, 1 - 3",4,1,3,Augsburg,Werder Bremen,2481,2443,0.6564191261438247,15.0,1.848370063248719,20.0
70,2516980,"Hamburger SV - Hertha BSC, 1 - 2",3,1,2,Hamburger SV,Hertha BSC,2450,2457,0.7820531423343835,9.0,1.501177157294371,13.0
71,2516976,"Freiburg - Stuttgart, 1 - 2",3,1,2,Freiburg,Stuttgart,2453,2445,0.38270105382115666,6.0,2.120430652956217,10.0
72,2516968,"Werder Bremen - Köln, 3 - 1",4,3,1,Werder Bremen,Köln,2443,2463,0.8608102161054406,10.0,0.506088399577761,8.0
73,2516965,"Borussia Dortmund - Eintracht Frankfurt, 3 - 2",5,3,2,Borussia Dortmund,Eintracht Frankfurt,2447,2462,1.1461160338453624,13.0,1.5004007922818616,10.0
74,2516972,"Stuttgart - RB Leipzig, 0 - 0",0,0,0,Stuttgart,RB Leipzig,2445,2975,0.7339214655965774,10.0,0.5511108659524164,8.0
75,2516969,"Bayer Leverkusen - Borussia M'gladbach, 2 - 0",2,2,0,Bayer Leverkusen,Borussia M'gladbach,2446,2454,2.071527456303566,17.0,0.6079528565619114,8.0
76,2516964,"Bayern München - Hamburger SV, 6 - 0",6,6,0,Bayern München,Hamburger SV,2444,2450,4.427899014998538,18.0,0.0273458428310558,1.0
77,2516966,"Hoffenheim - Wolfsburg, 3 - 0",3,3,0,Hoffenheim,Wolfsburg,2482,2451,1.1905354274159843,15.0,0.3625200485159672,4.0
78,2516967,"Hertha BSC - Freiburg, 0 - 0",0,0,0,Hertha BSC,Freiburg,2457,2453,1.67029194085196,12.0,0.49452358018407405,5.0
79,2516971,"Hannover 96 - Augsburg, 1 - 3",4,1,3,Hannover 96,Augsburg,2455,2481,1.5355842145162761,17.0,2.1373959812014034,16.0
80,2516970,"Mainz 05 - Schalke 04, 0 - 1",1,0,1,Mainz 05,Schalke 04,2460,2449,0.9195064975395151,16.0,0.2774041303892023,5.0
81,2516957,"Freiburg - Bayern München, 0 - 4",4,0,4,Freiburg,Bayern München,2453,2444,0.3290488402123133,4.0,2.0486716582378075,17.0
82,2516956,"Köln - Stuttgart, 2 - 3",5,2,3,Köln,Stuttgart,2463,2445,1.2677451764268557,12.0,0.7474821060252154,8.0
83,2516955,"RB Leipzig - Borussia Dortmund, 1 - 1",2,1,1,RB Leipzig,Borussia Dortmund,2975,2447,0.7569972049478679,9.0,1.334785516082445,4.0
84,2516959,"Schalke 04 - Hertha BSC, 1 - 0",1,1,0,Schalke 04,Hertha BSC,2449,2457,0.5843350800873603,6.0,0.941750548665791,10.0
85,2516960,"Eintracht Frankfurt - Hannover 96, 1 - 0",1,1,0,Eintracht Frankfurt,Hannover 96,2462,2455,1.174814795105494,12.0,0.43570920897571797,6.0
86,2516961,"Augsburg - Hoffenheim, 0 - 2",2,0,2,Augsburg,Hoffenheim,2481,2482,0.5955832955016634,8.0,1.5816692679954685,15.0
87,2516962,"Hamburger SV - Mainz 05, 0 - 0",0,0,0,Hamburger SV,Mainz 05,2450,2460,2.0529793539101404,18.0,0.4000463796045305,5.0
88,2516963,"Wolfsburg - Bayer Leverkusen, 1 - 2",3,1,2,Wolfsburg,Bayer Leverkusen,2451,2446,0.39728174851414755,7.0,1.725509142581164,14.0
89,2516958,"Borussia M'gladbach - Werder Bremen, 2 - 2",4,2,2,Borussia M'gladbach,Werder Bremen,2454,2443,1.1302345401422158,9.0,1.8245279734808064,16.0
90,2516947,"Borussia Dortmund - Augsburg, 1 - 1",2,1,1,Borussia Dortmund,Augsburg,2447,2481,1.2830575566116336,9.0,1.459125026006629,13.0
91,2516948,"RB Leipzig - Köln, 1 - 2",3,1,2,RB Leipzig,Köln,2975,2463,2.908987483091999,16.0,1.3304904684594772,12.0
92,2516951,"Bayer Leverkusen - Schalke 04, 0 - 2",2,0,2,Bayer Leverkusen,Schalke 04,2446,2449,0.8893452194328906,8.0,1.3019300380787513,9.0
93,2516950,"Werder Bremen - Hamburger SV, 1 - 0",1,1,0,Werder Bremen,Hamburger SV,2443,2450,0.821303398675641,12.0,0.4059859986397062,5.0
94,2516946,"Bayern München - Hertha BSC, 0 - 0",0,0,0,Bayern München,Hertha BSC,2444,2457,1.9444615845414701,18.0,0.2470769275309005,5.0
95,2516949,"Hoffenheim - Freiburg, 1 - 1",2,1,1,Hoffenheim,Freiburg,2482,2453,0.9334682740447477,11.0,1.2390971908102704,6.0
96,2516953,"Hannover 96 - Borussia M'gladbach, 0 - 1",1,0,1,Hannover 96,Borussia M'gladbach,2455,2454,1.724072311734205,21.0,1.440466829596149,15.0
97,2516954,"Stuttgart - Eintracht Frankfurt, 1 - 0",1,1,0,Stuttgart,Eintracht Frankfurt,2445,2462,1.5534192986667403,12.0,0.3782701430241508,6.0
98,2516952,"Mainz 05 - Wolfsburg, 1 - 1",2,1,1,Mainz 05,Wolfsburg,2460,2451,1.205558430139992,14.0,0.8380475834434727,8.0
99,2516942,"Eintracht Frankfurt - RB Leipzig, 2 - 1",3,2,1,Eintracht Frankfurt,RB Leipzig,2462,2975,1.687478626092474,13.0,0.9930037420541648,9.0
100,2516940,"Borussia M'gladbach - Borussia Dortmund, 0 - 1",1,0,1,Borussia M'gladbach,Borussia Dortmund,2454,2447,3.094251377113629,26.0,0.5744437048452784,8.0
101,2516943,"Augsburg - Stuttgart, 0 - 1",1,0,1,Augsburg,Stuttgart,2481,2445,0.4387085119003195,7.0,1.1829845356015132,13.0
102,2516941,"Schalke 04 - Hoffenheim, 2 - 1",3,2,1,Schalke 04,Hoffenheim,2449,2482,1.046852488156408,9.0,0.5431718391564705,11.0
103,2516937,"Köln - Hannover 96, 1 - 1",2,1,1,Köln,Hannover 96,2463,2455,0.43108347373652145,5.0,0.7883646887509205,12.0
104,2516939,"Freiburg - Werder Bremen, 1 - 0",1,1,0,Freiburg,Werder Bremen,2453,2443,1.7785426209009572,7.0,0.40022765979315755,9.0
105,2516944,"Hamburger SV - Bayer Leverkusen, 1 - 2",3,1,2,Hamburger SV,Bayer Leverkusen,2450,2446,1.0402679113511248,8.0,2.000460165271623,14.0
106,2516945,"Wolfsburg - Bayern München, 1 - 2",3,1,2,Wolfsburg,Bayern München,2451,2444,0.24038232518177288,3.0,3.744253359940097,19.0
107,2516938,"Hertha BSC - Mainz 05, 0 - 2",2,0,2,Hertha BSC,Mainz 05,2457,2460,0.7379171699593517,9.0,1.0275362441077371,12.0
108,2516932,"Werder Bremen - Wolfsburg, 3 - 1",4,3,1,Werder Bremen,Wolfsburg,2443,2451,1.3313468501750942,13.0,2.369664143102116,12.0
109,2516936,"Stuttgart - Borussia M'gladbach, 1 - 0",1,1,0,Stuttgart,Borussia M'gladbach,2445,2454,0.5136701085849815,7.0,0.9231400607977506,12.0
110,2516928,"Bayern München - Schalke 04, 2 - 1",3,2,1,Bayern München,Schalke 04,2444,2449,2.203914804553067,13.0,0.8630352950869254,8.0
111,2516929,"Borussia Dortmund - Hamburger SV, 2 - 0",2,2,0,Borussia Dortmund,Hamburger SV,2447,2450,1.9867724726679472,7.0,0.5680478531834968,7.0
112,2516931,"Hoffenheim - Mainz 05, 4 - 2",6,4,2,Hoffenheim,Mainz 05,2482,2460,4.515257966029445,24.0,0.7571863013056809,6.0
113,2516933,"Eintracht Frankfurt - Köln, 4 - 2",6,4,2,Eintracht Frankfurt,Köln,2462,2463,2.6804631613804366,12.0,1.4820311820696674,8.0
114,2516934,"Bayer Leverkusen - Hertha BSC, 0 - 2",2,0,2,Bayer Leverkusen,Hertha BSC,2446,2457,2.2760216934909123,15.0,0.5693041638980438,9.0
115,2516935,"Hannover 96 - Freiburg, 2 - 1",3,2,1,Hannover 96,Freiburg,2455,2453,0.9230933862615913,13.0,1.357240425613973,12.0
116,2516930,"RB Leipzig - Augsburg, 2 - 0",2,2,0,RB Leipzig,Augsburg,2975,2481,2.6767076024137952,21.0,1.0870793409575308,11.0
117,2516925,"Hamburger SV - Hannover 96, 1 - 1",2,1,1,Hamburger SV,Hannover 96,2450,2455,1.369801397361945,13.0,1.678719581583695,14.0
118,2516924,"Augsburg - Eintracht Frankfurt, 3 - 0",3,3,0,Augsburg,Eintracht Frankfurt,2481,2462,2.0591556912528426,15.0,0.4976960243483424,8.0
119,2516922,"Borussia M'gladbach - RB Leipzig, 0 - 1",1,0,1,Borussia M'gladbach,RB Leipzig,2454,2975,0.8792035740470947,9.0,1.7588065411163902,15.0
120,2516920,"Hertha BSC - Hoffenheim, 1 - 1",2,1,1,Hertha BSC,Hoffenheim,2457,2482,1.0106155561666952,5.0,2.0035159124134103,14.0
121,2516921,"Freiburg - Bayer Leverkusen, 0 - 0",0,0,0,Freiburg,Bayer Leverkusen,2453,2446,0.9227046092358981,11.0,1.052218362781018,15.0
122,2516923,"Schalke 04 - Werder Bremen, 1 - 2",3,1,2,Schalke 04,Werder Bremen,2449,2443,1.1425643430825916,14.0,1.8021138290248215,9.0
123,2516926,"Mainz 05 - Bayern München, 0 - 2",2,0,2,Mainz 05,Bayern München,2460,2444,1.3788571655606119,13.0,0.9212776687656752,13.0
124,2516927,"Wolfsburg - Stuttgart, 1 - 1",2,1,1,Wolfsburg,Stuttgart,2451,2445,0.8024662720309584,16.0,2.5995879504402613,12.0
125,2516919,"Köln - Borussia Dortmund, 2 - 3",5,2,3,Köln,Borussia Dortmund,2463,2447,2.285834676269121,16.0,2.4536720575789728,16.0
126,2516917,"Hannover 96 - Wolfsburg, 0 - 1",1,0,1,Hannover 96,Wolfsburg,2455,2451,1.357569748891988,15.0,0.35678866543617216,6.0
127,2516916,"Bayer Leverkusen - Mainz 05, 2 - 0",2,2,0,Bayer Leverkusen,Mainz 05,2446,2460,1.5334551695760001,10.0,0.13777672761829732,2.0
128,2516914,"Werder Bremen - Hertha BSC, 0 - 0",0,0,0,Werder Bremen,Hertha BSC,2443,2457,1.8818334482034422,17.0,0.6619141417726883,5.0
129,2516910,"Bayern München - Hoffenheim, 5 - 2",7,5,2,Bayern München,Hoffenheim,2444,2482,2.9138768015879877,21.0,1.3340147570224277,6.0
130,2516911,"Borussia Dortmund - Freiburg, 2 - 2",4,2,2,Borussia Dortmund,Freiburg,2447,2453,1.345534733207643,10.0,0.6020549961349233,5.0
131,2516912,"RB Leipzig - Hamburger SV, 1 - 1",2,1,1,RB Leipzig,Hamburger SV,2975,2450,1.3934249998357056,15.0,1.1638237269513871,7.0
132,2516913,"Köln - Augsburg, 1 - 1",2,1,1,Köln,Augsburg,2463,2481,1.2019421550859615,11.0,1.0170508205423645,9.0
133,2516918,"Stuttgart - Schalke 04, 0 - 2",2,0,2,Stuttgart,Schalke 04,2445,2449,1.1346506101373581,11.0,2.1559113332989845,17.0
134,2516915,"Eintracht Frankfurt - Borussia M'gladbach, 2 - 0",2,2,0,Eintracht Frankfurt,Borussia M'gladbach,2462,2454,1.3955510331100645,6.0,1.5926059751055928,13.0
135,2516906,"Schalke 04 - Hannover 96, 1 - 1",2,1,1,Schalke 04,Hannover 96,2449,2455,0.4141133214133242,5.0,1.0876128429687821,11.0
136,2516901,"Bayern München - Werder Bremen, 4 - 2",6,4,2,Bayern München,Werder Bremen,2444,2443,1.966159998969714,16.0,0.8086380280410547,10.0
137,2516907,"Hamburger SV - Köln, 0 - 2",2,0,2,Hamburger SV,Köln,2450,2463,0.6530708624116874,10.0,1.6559039140248124,9.0
138,2516902,"Hoffenheim - Bayer Leverkusen, 1 - 4",5,1,4,Hoffenheim,Bayer Leverkusen,2482,2446,0.7815737301528156,13.0,2.352143626888929,14.0
139,2516904,"Freiburg - RB Leipzig, 2 - 1",3,2,1,Freiburg,RB Leipzig,2453,2975,0.7796952730301806,9.0,0.8510035958047085,11.0
140,2516905,"Borussia M'gladbach - Augsburg, 2 - 0",2,2,0,Borussia M'gladbach,Augsburg,2454,2481,1.4605618164873768,16.0,1.6527711875560134,17.0
141,2516908,"Mainz 05 - Stuttgart, 3 - 2",5,3,2,Mainz 05,Stuttgart,2460,2445,2.6722488575293184,20.0,0.977464712798607,8.0
142,2516909,"Wolfsburg - Eintracht Frankfurt, 1 - 3",4,1,3,Wolfsburg,Eintracht Frankfurt,2451,2462,1.0379421459488474,11.0,2.1864278865185356,16.0
143,2516903,"Hertha BSC - Borussia Dortmund, 1 - 1",2,1,1,Hertha BSC,Borussia Dortmund,2457,2447,0.7395630628009043,8.0,1.2089064099538187,10.0
144,2516892,"Borussia Dortmund - Wolfsburg, 0 - 0",0,0,0,Borussia Dortmund,Wolfsburg,2447,2451,2.2700008689336744,16.0,0.7012727775007029,9.0
145,2516894,"Köln - Borussia M'gladbach, 2 - 1",3,2,1,Köln,Borussia M'gladbach,2463,2454,1.3082436798556567,12.0,2.158236563502968,15.0
146,2516893,"RB Leipzig - Schalke 04, 3 - 1",4,3,1,RB Leipzig,Schalke 04,2975,2449,2.7118287217911794,14.0,0.479045893343776,8.0
147,2516896,"Eintracht Frankfurt - Freiburg, 1 - 1",2,1,1,Eintracht Frankfurt,Freiburg,2462,2453,1.8444168099844092,12.0,0.23346361539126048,2.0
148,2516895,"Werder Bremen - Hoffenheim, 1 - 1",2,1,1,Werder Bremen,Hoffenheim,2443,2482,2.086360990493267,13.0,1.228035910509134,10.0
149,2516898,"Augsburg - Hamburger SV, 1 - 0",1,1,0,Augsburg,Hamburger SV,2481,2450,1.3119844196754133,16.0,0.48533637475903213,9.0
150,2516899,"Hannover 96 - Mainz 05, 3 - 2",5,3,2,Hannover 96,Mainz 05,2455,2460,2.743654139387331,22.0,1.2440033882056063,12.0
151,2516900,"Stuttgart - Hertha BSC, 1 - 0",1,1,0,Stuttgart,Hertha BSC,2445,2457,0.4412520354350034,8.0,1.6932195204451044,11.0
152,2516897,"Bayer Leverkusen - Bayern München, 1 - 3",4,1,3,Bayer Leverkusen,Bayern München,2446,2444,0.9896730504087351,11.0,1.5097186650466912,15.0
153,2516884,"RB Leipzig - Hertha BSC, 2 - 3",5,2,3,RB Leipzig,Hertha BSC,2975,2457,1.924268745729779,20.0,1.0944564559257357,7.0
154,2516890,"Hannover 96 - Bayer Leverkusen, 4 - 4",8,4,4,Hannover 96,Bayer Leverkusen,2455,2446,2.021612797463244,16.0,2.0465126377941014,19.0
155,2516883,"Borussia Dortmund - Hoffenheim, 2 - 1",3,2,1,Borussia Dortmund,Hoffenheim,2447,2482,2.2740770919697124,12.0,1.0236016658330387,12.0
156,2516888,"Eintracht Frankfurt - Schalke 04, 2 - 2",4,2,2,Eintracht Frankfurt,Schalke 04,2462,2449,2.0994937421425637,6.0,1.544412040403999,14.0
157,2516885,"Köln - Wolfsburg, 1 - 0",1,1,0,Köln,Wolfsburg,2463,2451,2.1528126727617956,17.0,0.8695157542035145,8.0
158,2516886,"Werder Bremen - Mainz 05, 2 - 2",4,2,2,Werder Bremen,Mainz 05,2443,2460,0.8885514750676876,11.0,1.4390432017055448,9.0
159,2516889,"Augsburg - Freiburg, 3 - 3",6,3,3,Augsburg,Freiburg,2481,2453,1.7991213318726058,18.0,1.2341833591913314,8.0
160,2516891,"Stuttgart - Bayern München, 0 - 1",1,0,1,Stuttgart,Bayern München,2445,2444,1.3642705570496907,9.0,0.8142621251632117,13.0
161,2516887,"Borussia M'gladbach - Hamburger SV, 3 - 1",4,3,1,Borussia M'gladbach,Hamburger SV,2454,2450,1.2092143349773141,13.0,0.7297091582971924,8.0
162,2516874,"Bayern München - Köln, 1 - 0",1,1,0,Bayern München,Köln,2444,2463,3.3270264669429146,25.0,0.3287139859169524,7.0
163,2516876,"Hertha BSC - Hannover 96, 3 - 1",4,3,1,Hertha BSC,Hannover 96,2457,2455,2.031686632054103,15.0,2.0934892946132826,18.0
164,2516878,"Schalke 04 - Augsburg, 3 - 2",5,3,2,Schalke 04,Augsburg,2449,2481,3.0856416946947047,8.0,1.7655978025804775,14.0
165,2516879,"Bayer Leverkusen - Werder Bremen, 1 - 0",1,1,0,Bayer Leverkusen,Werder Bremen,2446,2443,2.305430510430599,15.0,0.2709173415441456,5.0
166,2516875,"Hoffenheim - Stuttgart, 1 - 0",1,1,0,Hoffenheim,Stuttgart,2482,2445,2.106247538284274,11.0,0.9269234478413604,7.0
167,2516880,"Hamburger SV - Eintracht Frankfurt, 1 - 2",3,1,2,Hamburger SV,Eintracht Frankfurt,2450,2462,1.5359120233310994,15.0,1.14346344206376,10.0
168,2516881,"Mainz 05 - Borussia Dortmund, 0 - 2",2,0,2,Mainz 05,Borussia Dortmund,2460,2447,0.9314583838799682,13.0,1.7395891573742024,15.0
169,2516877,"Freiburg - Borussia M'gladbach, 1 - 0",1,1,0,Freiburg,Borussia M'gladbach,2453,2454,1.789847866064771,22.0,0.2746296855998355,6.0
170,2516882,"Wolfsburg - RB Leipzig, 1 - 1",2,1,1,Wolfsburg,RB Leipzig,2451,2975,2.595276850742705,15.0,1.0206272522298672,15.0
171,2516870,"Augsburg - Hertha BSC, 1 - 1",2,1,1,Augsburg,Hertha BSC,2481,2457,1.0716963411514469,14.0,1.2579303304597718,8.0
172,2516872,"Hannover 96 - Hoffenheim, 2 - 0",2,2,0,Hannover 96,Hoffenheim,2455,2482,1.3801490713692244,12.0,1.0065009599726793,10.0
173,2516867,"Köln - Freiburg, 3 - 4",7,3,4,Köln,Freiburg,2463,2453,1.445253417522471,6.0,4.233274066325476,24.0
174,2516868,"Borussia M'gladbach - Schalke 04, 1 - 1",2,1,1,Borussia M'gladbach,Schalke 04,2454,2449,1.8881339538982354,12.0,1.2415035804715344,12.0
175,2516865,"Borussia Dortmund - Werder Bremen, 1 - 2",3,1,2,Borussia Dortmund,Werder Bremen,2447,2443,2.2319597246560114,12.0,0.6853732359180967,9.0
176,2516866,"RB Leipzig - Mainz 05, 2 - 2",4,2,2,RB Leipzig,Mainz 05,2975,2460,1.476637335461646,12.0,1.0431593466758953,13.0
177,2516869,"Eintracht Frankfurt - Bayern München, 0 - 1",1,0,1,Eintracht Frankfurt,Bayern München,2462,2444,0.6234960756227055,10.0,0.7542952068770921,7.0
178,2516871,"Hamburger SV - Wolfsburg, 0 - 0",0,0,0,Hamburger SV,Wolfsburg,2450,2451,0.9109857499888938,11.0,0.08311849982595651,2.0
179,2516873,"Stuttgart - Bayer Leverkusen, 0 - 2",2,0,2,Stuttgart,Bayer Leverkusen,2445,2446,0.6228150939984736,9.0,1.5944852006081531,17.0
180,2516864,"Wolfsburg - Borussia M'gladbach, 3 - 0",3,3,0,Wolfsburg,Borussia M'gladbach,2451,2454,1.3381399368160853,14.0,0.9894179188109412,17.0
181,2516858,"Hertha BSC - Eintracht Frankfurt, 1 - 2",3,1,2,Hertha BSC,Eintracht Frankfurt,2457,2462,0.815089590989357,15.0,0.6338132568253532,7.0
182,2516861,"Schalke 04 - Köln, 2 - 2",4,2,2,Schalke 04,Köln,2449,2463,2.3663985802729326,22.0,1.783059064794009,7.0
183,2516856,"Bayern München - Hannover 96, 3 - 1",4,3,1,Bayern München,Hannover 96,2444,2455,2.812002985508647,31.0,1.449688281603513,8.0
184,2516857,"Hoffenheim - RB Leipzig, 4 - 0",4,4,0,Hoffenheim,RB Leipzig,2482,2975,1.4053561753889807,10.0,0.3366531216231138,10.0
185,2516860,"Werder Bremen - Stuttgart, 1 - 0",1,1,0,Werder Bremen,Stuttgart,2443,2445,1.055877091489983,15.0,0.9820222608132857,11.0
186,2516862,"Bayer Leverkusen - Borussia Dortmund, 1 - 1",2,1,1,Bayer Leverkusen,Borussia Dortmund,2446,2447,1.3628027088143095,15.0,0.8741777082691896,9.0
187,2516863,"Mainz 05 - Augsburg, 1 - 3",4,1,3,Mainz 05,Augsburg,2460,2481,0.919330612290153,16.0,1.9331501197534027,10.0
188,2516859,"Freiburg - Hamburger SV, 0 - 0",0,0,0,Freiburg,Hamburger SV,2453,2450,1.9377162543794793,21.0,0.8369956804665273,9.0
189,2516849,"Köln - Hertha BSC, 0 - 2",2,0,2,Köln,Hertha BSC,2463,2457,0.9644825000137262,15.0,2.692066816720006,11.0
190,2516854,"Hamburger SV - Hoffenheim, 3 - 0",3,3,0,Hamburger SV,Hoffenheim,2450,2482,1.499065635677137,17.0,0.9162555518972978,12.0
191,2516851,"Borussia M'gladbach - Bayern München, 2 - 1",3,2,1,Borussia M'gladbach,Bayern München,2454,2444,1.5144874389729228,7.0,1.662270705351326,22.0
192,2516847,"Borussia Dortmund - Schalke 04, 4 - 4",8,4,4,Borussia Dortmund,Schalke 04,2447,2449,1.3420731167612234,11.0,0.9683077524748691,12.0
193,2516848,"RB Leipzig - Werder Bremen, 2 - 0",2,2,0,RB Leipzig,Werder Bremen,2975,2443,1.2014817446534076,14.0,0.9072075063024057,9.0
194,2516850,"Freiburg - Mainz 05, 2 - 1",3,2,1,Freiburg,Mainz 05,2453,2460,1.3563831260718449,16.0,0.911008220123052,16.0
195,2516853,"Augsburg - Wolfsburg, 2 - 1",3,2,1,Augsburg,Wolfsburg,2481,2451,2.350159004145657,22.0,0.4440640539225153,4.0
196,2516852,"Eintracht Frankfurt - Bayer Leverkusen, 0 - 1",1,0,1,Eintracht Frankfurt,Bayer Leverkusen,2462,2446,1.0642527724324184,11.0,1.1170467672681572,12.0
197,2516855,"Hannover 96 - Stuttgart, 1 - 1",2,1,1,Hannover 96,Stuttgart,2455,2445,2.619725433670967,15.0,1.9601001968421137,13.0
198,2516841,"Werder Bremen - Hannover 96, 4 - 0",4,4,0,Werder Bremen,Hannover 96,2443,2455,1.9163683205061652,15.0,0.7341130161708878,11.0
199,2516842,"Schalke 04 - Hamburger SV, 2 - 0",2,2,0,Schalke 04,Hamburger SV,2449,2450,1.7556221342198541,12.0,0.8215631210082663,7.0
200,2516840,"Hertha BSC - Borussia M'gladbach, 2 - 4",6,2,4,Hertha BSC,Borussia M'gladbach,2457,2454,2.7544656103247243,16.0,1.6064744050889495,8.0
201,2516838,"Bayern München - Augsburg, 3 - 0",3,3,0,Bayern München,Augsburg,2444,2481,1.334596059922491,15.0,0.49043036444330207,8.0
202,2516839,"Hoffenheim - Eintracht Frankfurt, 1 - 1",2,1,1,Hoffenheim,Eintracht Frankfurt,2482,2462,0.9254804414017154,13.0,0.6097265671534595,5.0
203,2516843,"Bayer Leverkusen - RB Leipzig, 2 - 2",4,2,2,Bayer Leverkusen,RB Leipzig,2446,2975,1.4790851670322396,12.0,2.2157186351620006,12.0
204,2516844,"Mainz 05 - Köln, 1 - 0",1,1,0,Mainz 05,Köln,2460,2463,1.2373102179439521,11.0,0.6389581872890309,10.0
205,2516845,"Wolfsburg - Freiburg, 3 - 1",4,3,1,Wolfsburg,Freiburg,2451,2453,1.9874498910017846,15.0,0.7340847365453979,11.0
206,2516846,"Stuttgart - Borussia Dortmund, 2 - 1",3,2,1,Stuttgart,Borussia Dortmund,2445,2447,2.8400279824518737,7.0,1.7398647485588108,11.0
207,2516837,"Wolfsburg - Hertha BSC, 3 - 3",6,3,3,Wolfsburg,Hertha BSC,2451,2457,2.5999658150605978,20.0,1.200396612708575,10.0
208,2516831,"Köln - Hoffenheim, 0 - 3",3,0,3,Köln,Hoffenheim,2463,2482,0.65757315651813,12.0,3.2966210290848803,20.0
209,2516829,"Borussia Dortmund - Bayern München, 1 - 3",4,1,3,Borussia Dortmund,Bayern München,2447,2444,2.3187669557617845,14.0,1.109230194275649,10.0
210,2516830,"RB Leipzig - Hannover 96, 2 - 1",3,2,1,RB Leipzig,Hannover 96,2975,2455,2.2626519341569167,18.0,0.8784678468326598,9.0
211,2516832,"Freiburg - Schalke 04, 0 - 1",1,0,1,Freiburg,Schalke 04,2453,2449,1.0494323492076365,13.0,0.7970028593923378,9.0
212,2516833,"Borussia M'gladbach - Mainz 05, 1 - 1",2,1,1,Borussia M'gladbach,Mainz 05,2454,2460,0.7649644103956242,9.0,0.9281152817779342,20.0
213,2516835,"Augsburg - Bayer Leverkusen, 1 - 1",2,1,1,Augsburg,Bayer Leverkusen,2481,2446,2.386223841067805,15.0,0.9137509260916181,9.0
214,2516836,"Hamburger SV - Stuttgart, 3 - 1",4,3,1,Hamburger SV,Stuttgart,2450,2445,1.8060729708302072,19.0,0.9449011126550677,3.0
215,2516834,"Eintracht Frankfurt - Werder Bremen, 2 - 1",3,2,1,Eintracht Frankfurt,Werder Bremen,2462,2443,1.6897474809651403,11.0,0.9982374041364969,10.0
216,2516828,"Stuttgart - Freiburg, 3 - 0",3,3,0,Stuttgart,Freiburg,2445,2453,1.3501868287146848,17.0,0.4679069018524087,5.0
217,2516823,"Werder Bremen - Augsburg, 0 - 3",3,0,3,Werder Bremen,Augsburg,2443,2481,0.7995626111609423,12.0,2.577844986676534,16.0
218,2516820,"Bayern München - RB Leipzig, 2 - 0",2,2,0,Bayern München,RB Leipzig,2444,2975,2.4834248298563057,22.0,0.3430356597455846,3.0
219,2516821,"Hoffenheim - Borussia M'gladbach, 1 - 3",4,1,3,Hoffenheim,Borussia M'gladbach,2482,2454,1.4540605762316525,17.0,1.299024184082841,15.0
220,2516822,"Hertha BSC - Hamburger SV, 2 - 1",3,2,1,Hertha BSC,Hamburger SV,2457,2450,1.0232703528056166,8.0,1.1608303731611755,10.0
221,2516824,"Schalke 04 - Wolfsburg, 1 - 1",2,1,1,Schalke 04,Wolfsburg,2449,2451,1.549569619916931,12.0,1.2023346380777635,7.0
222,2516825,"Bayer Leverkusen - Köln, 2 - 1",3,2,1,Bayer Leverkusen,Köln,2446,2463,1.5875398689518074,14.0,0.8129994504147321,7.0
223,2516827,"Hannover 96 - Borussia Dortmund, 4 - 2",6,4,2,Hannover 96,Borussia Dortmund,2455,2447,2.2226592507425558,13.0,1.1559700659493246,9.0
224,2516826,"Mainz 05 - Eintracht Frankfurt, 1 - 1",2,1,1,Mainz 05,Eintracht Frankfurt,2460,2462,0.9019056143750337,6.0,0.6261288386772021,7.0
225,2516819,"Wolfsburg - Hoffenheim, 1 - 1",2,1,1,Wolfsburg,Hoffenheim,2451,2482,2.314784812806785,16.0,1.7949648376341698,13.0
226,2516813,"Freiburg - Hertha BSC, 1 - 1",2,1,1,Freiburg,Hertha BSC,2453,2457,2.2734476802263393,17.0,2.2552324464961937,11.0
227,2516812,"Köln - Werder Bremen, 0 - 0",0,0,0,Köln,Werder Bremen,2463,2443,2.1736915675254074,17.0,1.5833363922332409,13.0
228,2516818,"Hamburger SV - Bayern München, 0 - 1",1,0,1,Hamburger SV,Bayern München,2450,2444,0.1557735385901653,5.0,2.4258273340643366,20.0
229,2516811,"RB Leipzig - Stuttgart, 1 - 0",1,1,0,RB Leipzig,Stuttgart,2975,2445,1.4459472715872357,14.0,0.7358770562463456,8.0
230,2516814,"Borussia M'gladbach - Bayer Leverkusen, 1 - 5",6,1,5,Borussia M'gladbach,Bayer Leverkusen,2454,2446,2.0567653950712277,16.0,1.1303545245042994,12.0
231,2516816,"Eintracht Frankfurt - Borussia Dortmund, 2 - 2",4,2,2,Eintracht Frankfurt,Borussia Dortmund,2462,2447,1.7122956873442317,13.0,1.6873190844286072,18.0
232,2516817,"Augsburg - Hannover 96, 1 - 2",3,1,2,Augsburg,Hannover 96,2481,2455,1.3146834123581244,14.0,0.631164633559169,8.0
233,2516815,"Schalke 04 - Mainz 05, 2 - 0",2,2,0,Schalke 04,Mainz 05,2449,2460,1.3344507820557987,12.0,0.26346011310443895,4.0
234,2516806,"Werder Bremen - Borussia M'gladbach, 0 - 2",2,0,2,Werder Bremen,Borussia M'gladbach,2443,2454,1.3503356048447892,16.0,1.1311066563411334,13.0
235,2516807,"Bayer Leverkusen - Wolfsburg, 2 - 2",4,2,2,Bayer Leverkusen,Wolfsburg,2446,2451,2.5131347621432814,16.0,1.015164042708847,11.0
236,2516803,"Borussia Dortmund - RB Leipzig, 2 - 3",5,2,3,Borussia Dortmund,RB Leipzig,2447,2975,2.2044030992598618,15.0,2.0494315862325574,6.0
237,2516802,"Bayern München - Freiburg, 5 - 0",5,5,0,Bayern München,Freiburg,2444,2453,2.239500181293463,19.0,0.45094806296611295,6.0
238,2516804,"Hoffenheim - Augsburg, 2 - 2",4,2,2,Hoffenheim,Augsburg,2482,2481,2.287032414540722,24.0,0.9385104404582347,10.0
239,2516805,"Hertha BSC - Schalke 04, 0 - 2",2,0,2,Hertha BSC,Schalke 04,2457,2449,0.0511587311257937,2.0,1.547445682479997,9.0
240,2516808,"Mainz 05 - Hamburger SV, 3 - 2",5,3,2,Mainz 05,Hamburger SV,2460,2450,0.7094039784324753,13.0,1.8227368113765265,8.0
241,2516809,"Hannover 96 - Eintracht Frankfurt, 1 - 2",3,1,2,Hannover 96,Eintracht Frankfurt,2455,2462,1.3400735273556599,10.0,0.6455516492565277,11.0
242,2516810,"Stuttgart - Köln, 2 - 1",3,2,1,Stuttgart,Köln,2445,2463,2.1749920414228954,21.0,2.1506381497131617,18.0
243,2516793,"Köln - RB Leipzig, 1 - 2",3,1,2,Köln,RB Leipzig,2463,2975,1.1244473687361676,15.0,2.5838623537254692,22.0
244,2516794,"Hertha BSC - Bayern München, 2 - 2",4,2,2,Hertha BSC,Bayern München,2457,2444,1.6110751432572161,10.0,1.051939873212523,15.0
245,2516795,"Freiburg - Hoffenheim, 3 - 2",5,3,2,Freiburg,Hoffenheim,2453,2482,1.7094984314350599,15.0,1.063571470387111,14.0
246,2516800,"Hamburger SV - Werder Bremen, 0 - 0",0,0,0,Hamburger SV,Werder Bremen,2450,2443,1.1178877880047178,15.0,0.5077287493272862,8.0
247,2516796,"Borussia M'gladbach - Hannover 96, 2 - 1",3,2,1,Borussia M'gladbach,Hannover 96,2454,2455,2.134828634113763,21.0,1.7717201540384349,14.0
248,2516798,"Eintracht Frankfurt - Stuttgart, 2 - 1",3,2,1,Eintracht Frankfurt,Stuttgart,2462,2445,0.9644906976123591,10.0,1.549663650405967,12.0
249,2516799,"Augsburg - Borussia Dortmund, 1 - 2",3,1,2,Augsburg,Borussia Dortmund,2481,2447,1.0975888613573472,10.0,2.4652844480492857,13.0
250,2516801,"Wolfsburg - Mainz 05, 1 - 1",2,1,1,Wolfsburg,Mainz 05,2451,2460,0.909894961374549,6.0,0.9022068358683463,10.0
251,2516797,"Schalke 04 - Bayer Leverkusen, 1 - 1",2,1,1,Schalke 04,Bayer Leverkusen,2449,2446,0.911879165219511,13.0,0.6611925366185982,10.0
252,2516789,"Bayer Leverkusen - Hamburger SV, 3 - 0",3,3,0,Bayer Leverkusen,Hamburger SV,2446,2450,2.335803425283518,16.0,0.7775119065227324,11.0
253,2516791,"Hannover 96 - Köln, 0 - 0",0,0,0,Hannover 96,Köln,2455,2463,1.7159765801915365,13.0,0.7513289840524401,7.0
254,2516785,"Borussia Dortmund - Borussia M'gladbach, 6 - 1",7,6,1,Borussia Dortmund,Borussia M'gladbach,2447,2454,2.801619068490585,16.0,0.8839940370734811,8.0
255,2516786,"RB Leipzig - Eintracht Frankfurt, 2 - 1",3,2,1,RB Leipzig,Eintracht Frankfurt,2975,2462,1.6145777073439698,14.0,0.7332344132905431,7.0
256,2516787,"Hoffenheim - Schalke 04, 2 - 0",2,2,0,Hoffenheim,Schalke 04,2482,2449,1.1588099112699963,12.0,1.6011526666259537,15.0
257,2516788,"Werder Bremen - Freiburg, 0 - 0",0,0,0,Werder Bremen,Freiburg,2443,2453,2.0992085975296106,16.0,0.9467826761419641,13.0
258,2516790,"Mainz 05 - Hertha BSC, 1 - 0",1,1,0,Mainz 05,Hertha BSC,2460,2457,1.1534694578431903,8.0,0.41939023044383383,4.0
259,2516792,"Stuttgart - Augsburg, 0 - 0",0,0,0,Stuttgart,Augsburg,2445,2481,1.180555405052305,13.0,0.5797261739858707,9.0
260,2516784,"Bayern München - Wolfsburg, 2 - 2",4,2,2,Bayern München,Wolfsburg,2444,2451,2.6619008569652594,17.0,0.8127244839201665,8.0
261,2516776,"Hertha BSC - Bayer Leverkusen, 2 - 1",3,2,1,Hertha BSC,Bayer Leverkusen,2457,2446,0.3904299666343374,5.0,0.5498806178676953,11.0
262,2516777,"Freiburg - Hannover 96, 1 - 1",2,1,1,Freiburg,Hannover 96,2453,2455,2.920148977074843,21.0,1.2578597144127783,14.0
263,2516781,"Hamburger SV - Borussia Dortmund, 0 - 3",3,0,3,Hamburger SV,Borussia Dortmund,2450,2447,0.3744966850006264,6.0,2.558820937021435,14.0
264,2516782,"Mainz 05 - Hoffenheim, 2 - 3",5,2,3,Mainz 05,Hoffenheim,2460,2482,1.3635047835790206,20.0,1.7253391459241814,17.0
265,2516775,"Köln - Eintracht Frankfurt, 0 - 1",1,0,1,Köln,Eintracht Frankfurt,2463,2462,1.2428726283648024,15.0,1.3167216137773647,8.0
266,2516779,"Schalke 04 - Bayern München, 0 - 3",3,0,3,Schalke 04,Bayern München,2449,2444,1.0437584016255297,11.0,1.9663486044807559,12.0
267,2516780,"Augsburg - RB Leipzig, 1 - 0",1,1,0,Augsburg,RB Leipzig,2481,2975,0.8298613627316495,11.0,0.7409909354523911,13.0
268,2516783,"Wolfsburg - Werder Bremen, 1 - 1",2,1,1,Wolfsburg,Werder Bremen,2451,2443,1.2808165540499585,12.0,1.4155216074615142,11.0
269,2516778,"Borussia M'gladbach - Stuttgart, 2 - 0",2,2,0,Borussia M'gladbach,Stuttgart,2454,2445,1.3609014148458862,8.0,0.6266820001012605,10.0
270,2516767,"Borussia Dortmund - Köln, 5 - 0",5,5,0,Borussia Dortmund,Köln,2447,2463,2.9818433627047276,21.0,0.44157370044167304,5.0
271,2516772,"Bayer Leverkusen - Freiburg, 4 - 0",4,4,0,Bayer Leverkusen,Freiburg,2446,2453,2.456116816886541,21.0,0.47894637462372436,4.0
272,2516769,"Hoffenheim - Hertha BSC, 1 - 1",2,1,1,Hoffenheim,Hertha BSC,2482,2457,0.9634878535352593,8.0,0.8515710927212885,9.0
273,2516768,"RB Leipzig - Borussia M'gladbach, 2 - 2",4,2,2,RB Leipzig,Borussia M'gladbach,2975,2454,1.0212539921304273,9.0,1.687478928861481,9.0
274,2516766,"Bayern München - Mainz 05, 4 - 0",4,4,0,Bayern München,Mainz 05,2444,2460,2.5944204513315223,25.0,0.696069624010274,11.0
275,2516770,"Werder Bremen - Schalke 04, 1 - 2",3,1,2,Werder Bremen,Schalke 04,2443,2449,1.0748629984416662,16.0,0.9976703597212152,10.0
276,2516771,"Eintracht Frankfurt - Augsburg, 1 - 2",3,1,2,Eintracht Frankfurt,Augsburg,2462,2481,2.684707466200324,24.0,1.1251068835649927,10.0
277,2516774,"Stuttgart - Wolfsburg, 1 - 0",1,1,0,Stuttgart,Wolfsburg,2445,2451,1.1604799917126307,8.0,0.7334712812773253,8.0
278,2516773,"Hannover 96 - Hamburger SV, 2 - 0",2,2,0,Hannover 96,Hamburger SV,2455,2450,2.2101626392750036,15.0,0.5511314029506987,12.0
279,2516761,"Schalke 04 - Stuttgart, 3 - 1",4,3,1,Schalke 04,Stuttgart,2449,2445,1.7642103421397461,11.0,1.2035452727831817,10.0
280,2516758,"Hertha BSC - Werder Bremen, 1 - 1",2,1,1,Hertha BSC,Werder Bremen,2457,2443,0.6163587699094476,7.0,0.8485686873338236,10.0
281,2516757,"Hoffenheim - Bayern München, 2 - 0",2,2,0,Hoffenheim,Bayern München,2482,2444,0.3676325090558629,6.0,2.678138706288652,21.0
282,2516759,"Freiburg - Borussia Dortmund, 0 - 0",0,0,0,Freiburg,Borussia Dortmund,2453,2447,0.2822260867068249,5.0,2.113256826301383,26.0
283,2516760,"Borussia M'gladbach - Eintracht Frankfurt, 0 - 1",1,0,1,Borussia M'gladbach,Eintracht Frankfurt,2454,2462,1.3936814548992302,15.0,0.9754589191621944,10.0
284,2516762,"Augsburg - Köln, 3 - 0",3,3,0,Augsburg,Köln,2481,2463,2.66109569416627,10.0,0.937187493907347,11.0
285,2516764,"Mainz 05 - Bayer Leverkusen, 3 - 1",4,3,1,Mainz 05,Bayer Leverkusen,2460,2446,0.8325246897961956,14.0,1.0698925148735658,12.0
286,2516765,"Wolfsburg - Hannover 96, 1 - 1",2,1,1,Wolfsburg,Hannover 96,2451,2455,1.701107060712612,17.0,1.5732510214296056,8.0
287,2516763,"Hamburger SV - RB Leipzig, 0 - 2",2,0,2,Hamburger SV,RB Leipzig,2450,2975,0.3265945898760856,6.0,1.8360335093677493,18.0
288,2516755,"Hannover 96 - Schalke 04, 1 - 0",1,1,0,Hannover 96,Schalke 04,2455,2449,0.997332107629723,11.0,0.5483402340187197,7.0
289,2516749,"RB Leipzig - Freiburg, 4 - 1",5,4,1,RB Leipzig,Freiburg,2975,2453,3.133458907056293,23.0,0.9300297614182015,7.0
290,2516748,"Borussia Dortmund - Hertha BSC, 2 - 0",2,2,0,Borussia Dortmund,Hertha BSC,2447,2457,1.2532290598967202,14.0,0.8743006224294743,7.0
291,2516751,"Werder Bremen - Bayern München, 0 - 2",2,0,2,Werder Bremen,Bayern München,2443,2444,0.3963689658634745,4.0,1.1383029172260624,19.0
292,2516752,"Eintracht Frankfurt - Wolfsburg, 0 - 1",1,0,1,Eintracht Frankfurt,Wolfsburg,2462,2451,1.4892838586893178,11.0,0.7246709424117814,7.0
293,2516753,"Bayer Leverkusen - Hoffenheim, 2 - 2",4,2,2,Bayer Leverkusen,Hoffenheim,2446,2482,1.935200156153223,16.0,0.6018418501022109,6.0
294,2516754,"Augsburg - Borussia M'gladbach, 2 - 2",4,2,2,Augsburg,Borussia M'gladbach,2481,2454,2.134940605535002,24.0,1.1899586936385096,13.0
295,2516756,"Stuttgart - Mainz 05, 1 - 0",1,1,0,Stuttgart,Mainz 05,2445,2460,1.7497778209209893,18.0,0.8124696814083987,13.0
296,2516750,"Köln - Hamburger SV, 1 - 3",4,1,3,Köln,Hamburger SV,2463,2450,1.6270006925902856,18.0,1.373504899225116,11.0
297,2516743,"Borussia M'gladbach - Köln, 1 - 0",1,1,0,Borussia M'gladbach,Köln,2454,2463,1.8024940281671284,20.0,1.5161532847389063,12.0
298,2516742,"Freiburg - Eintracht Frankfurt, 0 - 0",0,0,0,Freiburg,Eintracht Frankfurt,2453,2462,0.42766814235657263,5.0,1.597284215507204,15.0
299,2516744,"Schalke 04 - RB Leipzig, 2 - 0",2,2,0,Schalke 04,RB Leipzig,2449,2975,1.3167242166217794,11.0,0.927616981505125,11.0
300,2516740,"Hoffenheim - Werder Bremen, 1 - 0",1,1,0,Hoffenheim,Werder Bremen,2482,2443,1.1529748267694138,14.0,0.8064814359600523,10.0
301,2516741,"Hertha BSC - Stuttgart, 2 - 0",2,2,0,Hertha BSC,Stuttgart,2457,2445,0.4477194707074278,9.0,0.9058304111636535,8.0
302,2516745,"Hamburger SV - Augsburg, 1 - 0",1,1,0,Hamburger SV,Augsburg,2450,2481,0.9097621460299292,12.0,0.9743255830112949,12.0
303,2516746,"Mainz 05 - Hannover 96, 0 - 1",1,0,1,Mainz 05,Hannover 96,2460,2455,1.0564976875743308,13.0,0.5576019610175149,6.0
304,2516747,"Wolfsburg - Borussia Dortmund, 0 - 3",3,0,3,Wolfsburg,Borussia Dortmund,2451,2447,0.4254552607357257,7.0,1.2258141449611202,13.0
305,2516739,"Bayern München - Bayer Leverkusen, 3 - 1",4,3,1,Bayern München,Bayer Leverkusen,2444,2446,2.232691729541619,13.0,2.2443076509157884,20.0
