,Goal,X,Y,C,matchId,teamId,eventSec,Distance,Angle,xG
0,1,11,51,1.0,2500687.0,3776.0,1320.6100310000002,11.019187810360616,0.6405312552365475,0.76
1,1,10,50,0.0,2500688.0,3766.0,808.741059,10.0,0.701714016520786,0.76
2,1,11,50,0.0,2500690.0,3785.0,2315.627895,11.0,0.6424100014274466,0.76
3,1,11,49,1.0,2500702.0,3775.0,1037.8103259999998,11.019187810360616,0.6405312552365475,0.76
4,1,10,50,0.0,2500704.0,3779.0,2212.923904,10.0,0.701714016520786,0.76
5,1,10,50,0.0,2500705.0,3780.0,2538.409431,10.0,0.701714016520786,0.76
6,1,11,50,0.0,2500712.0,3767.0,1754.4304970000003,11.0,0.6424100014274466,0.76
7,1,10,49,1.0,2500713.0,3804.0,2791.163006,10.021102733731452,0.6993156780131807,0.76
8,1,11,50,0.0,2500714.0,3782.0,733.42197,11.0,0.6424100014274466,0.76
9,1,10,50,0.0,2500714.0,3782.0,2380.871234,10.0,0.701714016520786,0.76
10,1,10,50,0.0,2500722.0,19830.0,1180.925714,10.0,0.701714016520786,0.76
11,1,10,49,1.0,2500722.0,19830.0,2026.778816,10.021102733731452,0.6993156780131807,0.76
12,1,10,51,1.0,2500724.0,3767.0,1168.203961,10.021102733731452,0.6993156780131807,0.76
13,1,11,50,0.0,2500725.0,3780.0,2044.528147,11.0,0.6424100014274466,0.76
14,1,11,51,1.0,2500725.0,3780.0,1555.7859790000002,11.019187810360616,0.6405312552365475,0.76
15,1,11,50,0.0,2500726.0,3783.0,247.922475,11.0,0.6424100014274466,0.76
16,0,10,50,0.0,2500729.0,3774.0,2771.650719,10.0,0.701714016520786,0.76
17,1,11,50,0.0,2500732.0,3775.0,328.226362,11.0,0.6424100014274466,0.76
18,1,10,50,0.0,2500733.0,3799.0,522.888329,10.0,0.701714016520786,0.76
19,1,11,49,1.0,2500738.0,3782.0,203.85732800000005,11.019187810360616,0.6405312552365475,0.76
20,0,11,49,1.0,2500742.0,3767.0,2038.167496,11.019187810360616,0.6405312552365475,0.76
21,0,11,49,1.0,2500746.0,3785.0,165.497229,11.019187810360616,0.6405312552365475,0.76
22,0,10,51,1.0,2500746.0,3772.0,1814.640996,10.021102733731452,0.6993156780131807,0.76
23,1,11,50,0.0,2500747.0,3783.0,509.27816399999983,11.0,0.6424100014274466,0.76
24,1,11,52,2.0,2500748.0,19830.0,1678.8119900000002,11.076551810017412,0.6349513266727096,0.76
25,1,10,51,1.0,2500749.0,3804.0,1382.410389,10.021102733731452,0.6993156780131807,0.76
26,1,11,50,0.0,2500749.0,3766.0,1052.3024480000004,11.0,0.6424100014274466,0.76
27,1,11,49,1.0,2500753.0,3775.0,2332.863835,11.019187810360616,0.6405312552365475,0.76
28,1,10,50,0.0,2500754.0,3774.0,474.4857219999999,10.0,0.701714016520786,0.76
29,1,11,50,0.0,2500754.0,3782.0,1498.4817540000004,11.0,0.6424100014274466,0.76
30,0,11,50,0.0,2500761.0,3777.0,2956.064866,11.0,0.6424100014274466,0.76
31,0,10,52,2.0,2500762.0,3775.0,2228.720539,10.084145972763386,0.6922019060806314,0.76
32,1,10,48,2.0,2500763.0,3767.0,2397.02387,10.084145972763386,0.6922019060806314,0.76
33,1,11,49,1.0,2500763.0,3772.0,2649.8558110000004,11.019187810360616,0.6405312552365475,0.76
34,1,11,49,1.0,2500770.0,3795.0,2823.7852460000004,11.019187810360616,0.6405312552365475,0.76
35,0,10,51,1.0,2500773.0,3782.0,2355.840435,10.021102733731452,0.6993156780131807,0.76
36,1,10,51,1.0,2500780.0,19830.0,835.2473340000001,10.021102733731452,0.6993156780131807,0.76
37,1,11,50,0.0,2500782.0,3775.0,518.3724969999998,11.0,0.6424100014274466,0.76
38,1,11,51,1.0,2500785.0,3766.0,1464.6941960000004,11.019187810360616,0.6405312552365475,0.76
39,1,11,49,1.0,2500794.0,3779.0,1638.957325,11.019187810360616,0.6405312552365475,0.76
40,1,10,50,0.0,2500798.0,3776.0,2764.937042,10.0,0.701714016520786,0.76
41,1,11,49,1.0,2500799.0,19830.0,2748.401777,11.019187810360616,0.6405312552365475,0.76
42,1,10,49,1.0,2500802.0,3775.0,2345.768011,10.021102733731452,0.6993156780131807,0.76
43,0,11,50,0.0,2500808.0,3783.0,1265.924188,11.0,0.6424100014274466,0.76
44,1,10,50,0.0,2500811.0,3782.0,2682.806883,10.0,0.701714016520786,0.76
45,0,10,50,0.0,2500817.0,3780.0,284.011229,10.0,0.701714016520786,0.76
46,1,10,50,0.0,2500820.0,3767.0,413.5733730000002,10.0,0.701714016520786,0.76
47,1,11,48,2.0,2500823.0,3770.0,1668.103123,11.076551810017412,0.6349513266727096,0.76
48,1,11,51,1.0,2500824.0,3779.0,1034.777839,11.019187810360616,0.6405312552365475,0.76
49,0,11,49,1.0,2500830.0,3766.0,657.3578849999999,11.019187810360616,0.6405312552365475,0.76
50,0,10,50,0.0,2500833.0,3767.0,2405.474702,10.0,0.701714016520786,0.76
51,0,11,51,1.0,2500835.0,3780.0,246.811232,11.019187810360616,0.6405312552365475,0.76
52,1,11,50,0.0,2500835.0,3775.0,2091.243248,11.0,0.6424100014274466,0.76
53,0,11,50,0.0,2500838.0,3780.0,2816.183085,11.0,0.6424100014274466,0.76
54,1,11,50,0.0,2500840.0,3771.0,2671.55287,11.0,0.6424100014274466,0.76
55,0,10,50,0.0,2500846.0,3789.0,2598.090368,10.0,0.701714016520786,0.76
56,1,10,50,0.0,2500855.0,3780.0,1732.1495219999997,10.0,0.701714016520786,0.76
57,1,10,50,0.0,2500860.0,3770.0,1407.689266,10.0,0.701714016520786,0.76
58,0,11,49,1.0,2500862.0,3774.0,2653.206685,11.019187810360616,0.6405312552365475,0.76
59,1,11,49,1.0,2500864.0,3779.0,1496.141342,11.019187810360616,0.6405312552365475,0.76
60,1,10,50,0.0,2500867.0,3799.0,582.484845,10.0,0.701714016520786,0.76
61,1,10,51,1.0,2500873.0,3774.0,805.8797359999999,10.021102733731452,0.6993156780131807,0.76
62,1,10,50,0.0,2500874.0,3783.0,2660.878364,10.0,0.701714016520786,0.76
63,1,10,51,1.0,2500875.0,3766.0,1430.019526,10.021102733731452,0.6993156780131807,0.76
64,1,11,51,1.0,2500875.0,3780.0,3015.553099,11.019187810360616,0.6405312552365475,0.76
65,1,11,50,0.0,2500878.0,3799.0,799.090538,11.0,0.6424100014274466,0.76
66,0,10,51,1.0,2500882.0,3771.0,1627.361256,10.021102733731452,0.6993156780131807,0.76
67,1,9,51,1.0,2500883.0,3782.0,2685.104918,9.023441693721969,0.769366755943685,0.76
68,0,10,50,0.0,2500885.0,3795.0,713.452187,10.0,0.701714016520786,0.76
69,1,11,51,1.0,2500888.0,3783.0,2583.924744,11.019187810360616,0.6405312552365475,0.76
70,0,11,50,0.0,2500891.0,3771.0,1593.575457,11.0,0.6424100014274466,0.76
71,1,11,50,0.0,2500892.0,3777.0,747.500687,11.0,0.6424100014274466,0.76
72,1,11,49,1.0,2500894.0,3767.0,2261.7965350000004,11.019187810360616,0.6405312552365475,0.76
73,1,11,50,0.0,2500895.0,3780.0,3025.3310380000003,11.0,0.6424100014274466,0.76
74,1,11,51,1.0,2500896.0,3789.0,934.298268,11.019187810360616,0.6405312552365475,0.76
75,1,10,49,1.0,2500897.0,3771.0,591.2729049999998,10.021102733731452,0.6993156780131807,0.76
76,1,11,50,0.0,2500903.0,3774.0,2331.871081,11.0,0.6424100014274466,0.76
77,1,10,50,0.0,2500904.0,3779.0,1101.548207,10.0,0.701714016520786,0.76
78,1,11,49,1.0,2500904.0,3779.0,2006.729459,11.019187810360616,0.6405312552365475,0.76
79,1,11,50,0.0,2500907.0,3772.0,1613.073428,11.0,0.6424100014274466,0.76
80,1,11,50,0.0,2500907.0,3772.0,2805.491311,11.0,0.6424100014274466,0.76
81,1,11,49,1.0,2500909.0,3770.0,2433.3581400000003,11.019187810360616,0.6405312552365475,0.76
82,0,10,50,0.0,2500912.0,3775.0,715.559178,10.0,0.701714016520786,0.76
83,1,10,53,3.0,2500913.0,3767.0,2372.851616,10.188351191434265,0.6806111721553927,0.76
84,1,10,50,0.0,2500917.0,3783.0,2076.59424,10.0,0.701714016520786,0.76
85,0,10,51,1.0,2500920.0,19830.0,2142.777555,10.021102733731452,0.6993156780131807,0.76
86,1,11,50,0.0,2500921.0,3799.0,1189.308733,11.0,0.6424100014274466,0.76
87,1,11,50,0.0,2500928.0,3804.0,1926.986956,11.0,0.6424100014274466,0.76
88,0,11,51,1.0,2500938.0,3783.0,1478.873861,11.019187810360616,0.6405312552365475,0.76
89,0,11,49,1.0,2500938.0,3783.0,2154.886684,11.019187810360616,0.6405312552365475,0.76
90,1,11,49,1.0,2500941.0,19830.0,1410.735893,11.019187810360616,0.6405312552365475,0.76
91,1,10,51,1.0,2500942.0,3785.0,1741.918055,10.021102733731452,0.6993156780131807,0.76
92,1,11,50,0.0,2500943.0,3770.0,1600.532156,11.0,0.6424100014274466,0.76
93,1,10,51,1.0,2500947.0,3804.0,1465.5481710000004,10.021102733731452,0.6993156780131807,0.76
94,1,11,50,0.0,2500948.0,3777.0,356.003423,11.0,0.6424100014274466,0.76
95,1,11,51,1.0,2500953.0,3774.0,70.03521300000011,11.019187810360616,0.6405312552365475,0.76
96,1,10,50,0.0,2500955.0,3780.0,1935.4155710000005,10.0,0.701714016520786,0.76
97,0,10,49,1.0,2500964.0,3782.0,2077.283085,10.021102733731452,0.6993156780131807,0.76
98,1,11,51,1.0,2500968.0,3785.0,506.21597,11.019187810360616,0.6405312552365475,0.76
99,1,10,50,0.0,2500976.0,3789.0,2232.179607,10.0,0.701714016520786,0.76
100,1,11,50,0.0,2500976.0,3795.0,112.0668380000002,11.0,0.6424100014274466,0.76
101,0,10,49,1.0,2500987.0,3771.0,2856.185973,10.021102733731452,0.6993156780131807,0.76
102,1,11,50,0.0,2500987.0,3771.0,2993.511888,11.0,0.6424100014274466,0.76
103,0,10,49,1.0,2500988.0,3772.0,2081.3711030000004,10.021102733731452,0.6993156780131807,0.76
104,1,14,50,0.0,2500990.0,3766.0,2532.546667,14.0,0.5114114144755499,0.76
105,1,11,49,1.0,2500994.0,3777.0,1404.741657,11.019187810360616,0.6405312552365475,0.76
106,1,11,50,0.0,2500997.0,3779.0,1504.7222769999998,11.0,0.6424100014274466,0.76
107,0,11,50,0.0,2501004.0,3782.0,1821.49251,11.0,0.6424100014274466,0.76
108,0,10,50,0.0,2501010.0,3787.0,2738.522872,10.0,0.701714016520786,0.76
109,1,11,50,0.0,2501019.0,3785.0,1270.835465,11.0,0.6424100014274466,0.76
110,1,11,49,1.0,2501020.0,3771.0,1760.618341,11.019187810360616,0.6405312552365475,0.76
111,1,11,49,1.0,2501025.0,3780.0,851.9144510000001,11.019187810360616,0.6405312552365475,0.76
112,1,11,50,0.0,2501026.0,3771.0,172.96623899999997,11.0,0.6424100014274466,0.76
113,1,10,49,1.0,2501027.0,3804.0,485.3734049999998,10.021102733731452,0.6993156780131807,0.76
114,1,11,51,1.0,2501027.0,3772.0,1605.479757,11.019187810360616,0.6405312552365475,0.76
115,0,11,50,0.0,2501031.0,3787.0,2819.04533,11.0,0.6424100014274466,0.76
116,1,11,46,4.0,2501032.0,3767.0,1800.6547959999998,11.303096920755834,0.6134491132665396,0.76
117,1,11,49,1.0,2501034.0,3775.0,830.6590890000002,11.019187810360616,0.6405312552365475,0.76
118,0,11,49,1.0,2501042.0,3770.0,2480.994042,11.019187810360616,0.6405312552365475,0.76
119,1,10,51,1.0,2501043.0,3774.0,812.8849150000001,10.021102733731452,0.6993156780131807,0.76
120,1,10,49,1.0,2501044.0,3782.0,1637.186364,10.021102733731452,0.6993156780131807,0.76
121,0,11,52,2.0,2501044.0,3782.0,2607.275305,11.076551810017412,0.6349513266727096,0.76
122,1,10,51,1.0,2501046.0,3789.0,1243.454542,10.021102733731452,0.6993156780131807,0.76
123,1,11,50,0.0,2501049.0,3785.0,390.856178,11.0,0.6424100014274466,0.76
124,1,11,49,1.0,2501049.0,3785.0,1475.6918839999998,11.019187810360616,0.6405312552365475,0.76
125,1,11,49,1.0,2501051.0,19830.0,2732.250057,11.019187810360616,0.6405312552365475,0.76
126,1,11,50,0.0,2501053.0,3775.0,576.888494,11.0,0.6424100014274466,0.76
127,1,10,51,1.0,2501054.0,3774.0,375.4857740000002,10.021102733731452,0.6993156780131807,0.76
128,1,11,49,1.0,2501055.0,3766.0,266.273557,11.019187810360616,0.6405312552365475,0.76
129,1,11,50,0.0,2565548.0,695.0,2571.818575,11.0,0.6424100014274466,0.76
130,1,11,50,0.0,2565549.0,687.0,2530.698092,11.0,0.6424100014274466,0.76
131,0,12,49,1.0,2565555.0,677.0,2638.241019,12.017591272796723,0.5905804834048406,0.76
132,0,10,48,2.0,2565557.0,696.0,966.888137,10.084145972763386,0.6922019060806314,0.76
133,0,11,50,0.0,2565559.0,676.0,2317.706464,11.0,0.6424100014274466,0.76
134,1,11,52,2.0,2565561.0,695.0,2285.8428780000004,11.076551810017412,0.6349513266727096,0.76
135,0,11,50,0.0,2565562.0,714.0,2135.847184,11.0,0.6424100014274466,0.76
136,0,13,47,3.0,2565572.0,712.0,1595.8715549999995,13.145436470501846,0.5381833214802781,0.76
137,0,11,49,1.0,2565579.0,756.0,2716.297038,11.019187810360616,0.6405312552365475,0.76
138,0,11,50,0.0,2565589.0,678.0,2410.593671,11.0,0.6424100014274466,0.76
139,1,10,51,1.0,2565591.0,695.0,1781.1255179999998,10.021102733731452,0.6993156780131807,0.76
140,1,11,50,0.0,2565592.0,676.0,1200.47671,11.0,0.6424100014274466,0.76
141,1,10,50,0.0,2565599.0,678.0,213.058805,10.0,0.701714016520786,0.76
142,1,10,51,1.0,2565600.0,691.0,1616.8350570000002,10.021102733731452,0.6993156780131807,0.76
143,1,11,50,0.0,2565608.0,674.0,2031.265369,11.0,0.6424100014274466,0.76
144,1,11,50,0.0,2565613.0,680.0,1377.087168,11.0,0.6424100014274466,0.76
145,1,10,49,1.0,2565616.0,682.0,1855.789234,10.021102733731452,0.6993156780131807,0.76
146,0,11,51,1.0,2565620.0,684.0,573.8635380000001,11.019187810360616,0.6405312552365475,0.76
147,1,11,49,1.0,2565631.0,756.0,1460.620882,11.019187810360616,0.6405312552365475,0.76
148,1,10,49,1.0,2565631.0,677.0,342.3224439999999,10.021102733731452,0.6993156780131807,0.76
149,1,10,50,0.0,2565638.0,674.0,1215.5668990000004,10.0,0.701714016520786,0.76
150,1,10,50,0.0,2565639.0,712.0,129.34619699999985,10.0,0.701714016520786,0.76
151,1,10,51,1.0,2565640.0,683.0,2248.8678360000004,10.021102733731452,0.6993156780131807,0.76
152,1,11,48,2.0,2565643.0,677.0,1390.5176119999996,11.076551810017412,0.6349513266727096,0.76
153,1,10,49,1.0,2565645.0,698.0,2373.143574,10.021102733731452,0.6993156780131807,0.76
154,1,11,51,1.0,2565656.0,674.0,2163.417606,11.019187810360616,0.6405312552365475,0.76
155,1,11,49,1.0,2565659.0,701.0,654.6785180000002,11.019187810360616,0.6405312552365475,0.76
156,0,11,50,0.0,2565660.0,682.0,1162.613404,11.0,0.6424100014274466,0.76
157,1,11,51,1.0,2565667.0,698.0,525.325084,11.019187810360616,0.6405312552365475,0.76
158,1,10,50,0.0,2565670.0,680.0,1965.16215,10.0,0.701714016520786,0.76
159,0,10,50,0.0,2565673.0,675.0,1821.231459,10.0,0.701714016520786,0.76
160,1,11,50,0.0,2565676.0,692.0,1603.37168,11.0,0.6424100014274466,0.76
161,1,11,50,0.0,2565680.0,687.0,1699.518978,11.0,0.6424100014274466,0.76
162,1,11,51,1.0,2565683.0,696.0,2513.797457,11.019187810360616,0.6405312552365475,0.76
163,1,11,49,1.0,2565686.0,701.0,1426.1113240000004,11.019187810360616,0.6405312552365475,0.76
164,1,10,48,2.0,2565688.0,683.0,1376.774075,10.084145972763386,0.6922019060806314,0.76
165,0,10,51,1.0,2565688.0,683.0,771.430241,10.021102733731452,0.6993156780131807,0.76
166,1,11,50,0.0,2565691.0,678.0,287.941221,11.0,0.6424100014274466,0.76
167,1,10,51,1.0,2565694.0,674.0,2128.181665,10.021102733731452,0.6993156780131807,0.76
168,1,10,50,0.0,2565695.0,675.0,1841.339141,10.0,0.701714016520786,0.76
169,0,11,52,2.0,2565696.0,701.0,527.2588540000002,11.076551810017412,0.6349513266727096,0.76
170,0,11,50,0.0,2565704.0,676.0,1483.0036529999998,11.0,0.6424100014274466,0.76
171,0,10,51,1.0,2565705.0,714.0,2995.7047350000003,10.021102733731452,0.6993156780131807,0.76
172,1,10,51,1.0,2565707.0,675.0,2693.8397240000004,10.021102733731452,0.6993156780131807,0.76
173,1,11,50,0.0,2565711.0,676.0,1110.2811920000004,11.0,0.6424100014274466,0.76
174,1,11,51,1.0,2565713.0,678.0,2144.058361,11.019187810360616,0.6405312552365475,0.76
175,1,11,49,1.0,2565719.0,714.0,1913.17126,11.019187810360616,0.6405312552365475,0.76
176,1,10,50,0.0,2565722.0,674.0,140.05160699999988,10.0,0.701714016520786,0.76
177,0,11,51,1.0,2565723.0,692.0,1576.9292880000005,11.019187810360616,0.6405312552365475,0.76
178,1,11,50,0.0,2565724.0,678.0,1089.6082319999996,11.0,0.6424100014274466,0.76
179,1,10,52,2.0,2565728.0,756.0,1479.848011,10.084145972763386,0.6922019060806314,0.76
180,1,10,50,0.0,2565735.0,684.0,2278.6760400000003,10.0,0.701714016520786,0.76
181,1,11,51,1.0,2565739.0,698.0,1245.683695,11.019187810360616,0.6405312552365475,0.76
182,1,11,50,0.0,2565739.0,678.0,165.80208700000003,11.0,0.6424100014274466,0.76
183,0,11,48,2.0,2565739.0,698.0,353.48052199999984,11.076551810017412,0.6349513266727096,0.76
184,1,11,49,1.0,2565742.0,692.0,1201.711991,11.019187810360616,0.6405312552365475,0.76
185,0,11,52,2.0,2565742.0,687.0,1454.303043,11.076551810017412,0.6349513266727096,0.76
186,1,11,49,1.0,2565744.0,714.0,476.1601059999998,11.019187810360616,0.6405312552365475,0.76
187,1,11,49,1.0,2565745.0,682.0,1516.824375,11.019187810360616,0.6405312552365475,0.76
188,1,10,50,0.0,2565745.0,695.0,2916.314227,10.0,0.701714016520786,0.76
189,1,11,50,0.0,2565746.0,712.0,1784.847119,11.0,0.6424100014274466,0.76
190,1,10,50,0.0,2565749.0,675.0,938.412235,10.0,0.701714016520786,0.76
191,1,10,50,0.0,2565749.0,675.0,2252.072276,10.0,0.701714016520786,0.76
192,1,11,51,1.0,2565750.0,684.0,2753.814759,11.019187810360616,0.6405312552365475,0.76
193,1,10,52,2.0,2565762.0,756.0,374.775562,10.084145972763386,0.6922019060806314,0.76
194,1,11,49,1.0,2565763.0,682.0,2076.583238,11.019187810360616,0.6405312552365475,0.76
195,1,11,49,1.0,2565764.0,680.0,1259.37861,11.019187810360616,0.6405312552365475,0.76
196,1,10,51,1.0,2565771.0,674.0,2637.620854,10.021102733731452,0.6993156780131807,0.76
197,0,11,50,0.0,2565775.0,756.0,2459.802993,11.0,0.6424100014274466,0.76
198,1,10,51,1.0,2565779.0,756.0,1353.254995,10.021102733731452,0.6993156780131807,0.76
199,1,11,50,0.0,2565782.0,674.0,2362.3532830000004,11.0,0.6424100014274466,0.76
200,1,11,51,1.0,2565783.0,687.0,543.23507,11.019187810360616,0.6405312552365475,0.76
201,1,11,50,0.0,2565784.0,714.0,2188.748436,11.0,0.6424100014274466,0.76
202,0,10,49,1.0,2565788.0,683.0,946.4879309999995,10.021102733731452,0.6993156780131807,0.76
203,1,11,50,0.0,2565789.0,679.0,305.82985499999995,11.0,0.6424100014274466,0.76
204,0,11,51,1.0,2565793.0,698.0,2112.639421,11.019187810360616,0.6405312552365475,0.76
205,0,11,49,1.0,2565793.0,698.0,328.40649200000007,11.019187810360616,0.6405312552365475,0.76
206,0,12,49,1.0,2565794.0,677.0,1148.2430670000003,12.017591272796723,0.5905804834048406,0.76
207,1,11,49,1.0,2565796.0,675.0,2617.051627,11.019187810360616,0.6405312552365475,0.76
208,0,11,51,1.0,2565798.0,696.0,1894.505844,11.019187810360616,0.6405312552365475,0.76
209,0,11,49,1.0,2565802.0,678.0,2140.859523,11.019187810360616,0.6405312552365475,0.76
210,1,11,52,2.0,2565807.0,714.0,172.36429099999987,11.076551810017412,0.6349513266727096,0.76
211,1,10,51,1.0,2565812.0,698.0,1204.271122,10.021102733731452,0.6993156780131807,0.76
212,1,10,50,0.0,2565816.0,695.0,598.9464389999998,10.0,0.701714016520786,0.76
213,1,11,49,1.0,2565821.0,682.0,2795.0579150000003,11.019187810360616,0.6405312552365475,0.76
214,0,11,51,1.0,2565823.0,691.0,1586.857245,11.019187810360616,0.6405312552365475,0.76
215,1,10,49,1.0,2565832.0,679.0,1158.675269,10.021102733731452,0.6993156780131807,0.76
216,1,11,50,0.0,2565839.0,679.0,2011.299465,11.0,0.6424100014274466,0.76
217,0,10,49,1.0,2565841.0,698.0,1149.8326429999995,10.021102733731452,0.6993156780131807,0.76
218,1,10,51,1.0,2565846.0,683.0,2190.429694,10.021102733731452,0.6993156780131807,0.76
219,1,10,50,0.0,2565847.0,675.0,2290.960726,10.0,0.701714016520786,0.76
220,1,11,49,1.0,2565847.0,675.0,358.1407610000001,11.019187810360616,0.6405312552365475,0.76
221,1,11,50,0.0,2565849.0,677.0,357.193996,11.0,0.6424100014274466,0.76
222,0,11,49,1.0,2565857.0,698.0,2146.3866230000003,11.019187810360616,0.6405312552365475,0.76
223,1,10,49,1.0,2565858.0,674.0,2467.015356,10.021102733731452,0.6993156780131807,0.76
224,0,11,50,0.0,2565866.0,680.0,1879.449163,11.0,0.6424100014274466,0.76
225,1,10,50,0.0,2565870.0,756.0,2447.2697040000003,10.0,0.701714016520786,0.76
226,0,10,52,2.0,2565882.0,675.0,731.8174920000001,10.084145972763386,0.6922019060806314,0.76
227,1,10,51,1.0,2565882.0,675.0,2998.535586,10.021102733731452,0.6993156780131807,0.76
228,1,11,52,2.0,2565892.0,756.0,2682.376214,11.076551810017412,0.6349513266727096,0.76
229,0,9,51,1.0,2565892.0,698.0,755.275079,9.023441693721969,0.769366755943685,0.76
230,1,11,50,0.0,2565894.0,678.0,830.3103449999999,11.0,0.6424100014274466,0.76
231,0,11,50,0.0,2565896.0,679.0,1518.9164019999998,11.0,0.6424100014274466,0.76
232,1,11,50,0.0,2565896.0,679.0,1961.609952,11.0,0.6424100014274466,0.76
233,1,11,51,1.0,2565897.0,714.0,1715.805957,11.019187810360616,0.6405312552365475,0.76
234,1,11,49,1.0,2565905.0,680.0,98.91880600000012,11.019187810360616,0.6405312552365475,0.76
235,1,10,50,0.0,2565910.0,683.0,2332.643859,10.0,0.701714016520786,0.76
236,1,10,50,0.0,2565910.0,691.0,1982.153241,10.0,0.701714016520786,0.76
237,0,10,50,0.0,2565913.0,698.0,1914.6711370000005,10.0,0.701714016520786,0.76
238,1,10,50,0.0,2565916.0,687.0,1959.316741,10.0,0.701714016520786,0.76
239,1,10,51,1.0,2565917.0,676.0,1511.121663,10.021102733731452,0.6993156780131807,0.76
240,1,9,53,3.0,2565921.0,698.0,1676.170105,9.208827286902496,0.7451618621324422,0.76
241,1,10,49,1.0,2565923.0,714.0,801.502843,10.021102733731452,0.6993156780131807,0.76
242,1,11,50,0.0,2516739.0,2444.0,421.3098180000002,11.0,0.6424100014274466,0.76
243,1,10,51,1.0,2516744.0,2449.0,2581.449202,10.021102733731452,0.6993156780131807,0.76
244,1,10,49,1.0,2516753.0,2446.0,1911.010802,10.021102733731452,0.6993156780131807,0.76
245,0,10,50,0.0,2516756.0,2445.0,2085.575415,10.0,0.701714016520786,0.76
246,1,11,49,1.0,2516761.0,2449.0,204.58078,11.019187810360616,0.6405312552365475,0.76
247,1,11,49,1.0,2516762.0,2481.0,1922.649585,11.019187810360616,0.6405312552365475,0.76
248,1,11,50,0.0,2516767.0,2447.0,810.3597989999998,11.0,0.6424100014274466,0.76
249,1,11,51,1.0,2516768.0,2454.0,1485.854481,11.019187810360616,0.6405312552365475,0.76
250,1,11,49,1.0,2516775.0,2462.0,1264.535091,11.019187810360616,0.6405312552365475,0.76
251,0,10,50,0.0,2516777.0,2453.0,523.1271470000002,10.0,0.701714016520786,0.76
252,1,10,51,1.0,2516778.0,2454.0,1721.2052329999997,10.021102733731452,0.6993156780131807,0.76
253,1,10,52,2.0,2516779.0,2444.0,1443.335929,10.084145972763386,0.6922019060806314,0.76
254,1,11,51,1.0,2516784.0,2444.0,1947.067754,11.019187810360616,0.6405312552365475,0.76
255,1,11,50,0.0,2516790.0,2460.0,500.84282600000006,11.0,0.6424100014274466,0.76
256,1,10,51,1.0,2516796.0,2454.0,2926.88022,10.021102733731452,0.6993156780131807,0.76
257,0,11,51,1.0,2516799.0,2447.0,2010.55157,11.019187810360616,0.6405312552365475,0.76
258,1,11,50,0.0,2516803.0,2975.0,185.671171,11.0,0.6424100014274466,0.76
259,1,11,50,0.0,2516803.0,2447.0,1093.1122299999995,11.0,0.6424100014274466,0.76
260,1,11,50,0.0,2516805.0,2449.0,493.4203160000002,11.0,0.6424100014274466,0.76
261,1,10,52,2.0,2516808.0,2450.0,2794.1884630000004,10.084145972763386,0.6922019060806314,0.76
262,1,11,48,2.0,2516813.0,2453.0,368.31783700000005,11.076551810017412,0.6349513266727096,0.76
263,0,11,47,3.0,2516813.0,2457.0,1925.294601,11.171503927403863,0.6258357186235695,0.76
264,1,11,50,0.0,2516813.0,2457.0,2141.7236890000004,11.0,0.6424100014274466,0.76
265,1,10,51,1.0,2516816.0,2462.0,1125.2765490000002,10.021102733731452,0.6993156780131807,0.76
266,0,11,50,0.0,2516819.0,2451.0,642.458275,11.0,0.6424100014274466,0.76
267,1,10,49,1.0,2516819.0,2482.0,1640.7922930000004,10.021102733731452,0.6993156780131807,0.76
268,1,11,47,3.0,2516823.0,2481.0,2767.23898,11.171503927403863,0.6258357186235695,0.76
269,1,11,50,0.0,2516824.0,2449.0,2549.731917,11.0,0.6424100014274466,0.76
270,0,12,50,0.0,2516824.0,2451.0,885.9872639999999,12.0,0.592075228949806,0.76
271,1,10,51,1.0,2516827.0,2455.0,1168.87438,10.021102733731452,0.6993156780131807,0.76
272,1,11,50,0.0,2516831.0,2482.0,625.6783599999999,11.0,0.6424100014274466,0.76
273,1,10,51,1.0,2516836.0,2445.0,560.94965,10.021102733731452,0.6993156780131807,0.76
274,0,11,50,0.0,2516837.0,2451.0,1200.491433,11.0,0.6424100014274466,0.76
275,1,11,49,1.0,2516840.0,2454.0,821.979217,11.019187810360616,0.6405312552365475,0.76
276,1,11,49,1.0,2516842.0,2449.0,1005.452261,11.019187810360616,0.6405312552365475,0.76
277,1,11,49,1.0,2516843.0,2975.0,723.334497,11.019187810360616,0.6405312552365475,0.76
278,1,10,49,1.0,2516843.0,2975.0,511.71156699999983,10.021102733731452,0.6993156780131807,0.76
279,1,10,50,0.0,2516844.0,2460.0,2578.169379,10.0,0.701714016520786,0.76
280,0,10,51,1.0,2516846.0,2447.0,2842.201477,10.021102733731452,0.6993156780131807,0.76
281,1,10,51,1.0,2516849.0,2457.0,1137.9669279999998,10.021102733731452,0.6993156780131807,0.76
282,1,11,49,1.0,2516851.0,2454.0,2293.03214,11.019187810360616,0.6405312552365475,0.76
283,1,11,50,0.0,2516855.0,2455.0,1814.541988,11.0,0.6424100014274466,0.76
284,0,10,49,1.0,2516856.0,2455.0,1641.867875,10.021102733731452,0.6993156780131807,0.76
285,1,10,51,1.0,2516856.0,2444.0,2466.5502290000004,10.021102733731452,0.6993156780131807,0.76
286,1,11,51,1.0,2516861.0,2463.0,1917.473508,11.019187810360616,0.6405312552365475,0.76
287,1,11,48,2.0,2516863.0,2481.0,2534.089933,11.076551810017412,0.6349513266727096,0.76
288,1,11,49,1.0,2516866.0,2975.0,2862.392309,11.019187810360616,0.6405312552365475,0.76
289,1,11,49,1.0,2516867.0,2463.0,923.715068,11.019187810360616,0.6405312552365475,0.76
290,1,11,49,1.0,2516867.0,2453.0,2643.978008,11.019187810360616,0.6405312552365475,0.76
291,1,11,48,2.0,2516867.0,2453.0,2984.600719,11.076551810017412,0.6349513266727096,0.76
292,1,10,49,1.0,2516877.0,2453.0,1180.399605,10.021102733731452,0.6993156780131807,0.76
293,1,11,49,1.0,2516878.0,2481.0,2035.842291,11.019187810360616,0.6405312552365475,0.76
294,1,11,51,1.0,2516878.0,2449.0,2238.576194,11.019187810360616,0.6405312552365475,0.76
295,1,11,49,1.0,2516882.0,2451.0,858.8121229999999,11.019187810360616,0.6405312552365475,0.76
296,1,11,51,1.0,2516883.0,2447.0,1073.3534330000002,11.019187810360616,0.6405312552365475,0.76
297,1,10,51,1.0,2516890.0,2455.0,1213.427158,10.021102733731452,0.6993156780131807,0.76
298,0,11,51,1.0,2516891.0,2445.0,2938.733228,11.019187810360616,0.6405312552365475,0.76
299,0,11,49,1.0,2516893.0,2975.0,2197.133572,11.019187810360616,0.6405312552365475,0.76
300,1,10,51,1.0,2516899.0,2455.0,2218.829373,10.021102733731452,0.6993156780131807,0.76
301,0,9,50,0.0,2516910.0,2482.0,135.87944199999998,9.0,0.7724805184545609,0.76
302,0,10,52,2.0,2516915.0,2454.0,1947.595297,10.084145972763386,0.6922019060806314,0.76
303,1,10,51,1.0,2516916.0,2446.0,1365.1326550000003,10.021102733731452,0.6993156780131807,0.76
304,1,11,50,0.0,2516918.0,2449.0,1124.154915,11.0,0.6424100014274466,0.76
305,1,11,49,1.0,2516920.0,2482.0,2276.779716,11.019187810360616,0.6405312552365475,0.76
306,0,10,50,0.0,2516932.0,2451.0,228.89852100000007,10.0,0.701714016520786,0.76
307,1,11,49,1.0,2516933.0,2463.0,681.8848579999999,11.019187810360616,0.6405312552365475,0.76
308,1,10,49,1.0,2516939.0,2453.0,1421.729996,10.021102733731452,0.6993156780131807,0.76
309,0,10,50,0.0,2516939.0,2453.0,2542.810507,10.0,0.701714016520786,0.76
310,0,11,48,2.0,2516945.0,2444.0,565.9432809999998,11.076551810017412,0.6349513266727096,0.76
311,1,11,49,1.0,2516945.0,2444.0,2742.637559,11.019187810360616,0.6405312552365475,0.76
312,1,11,49,1.0,2516949.0,2453.0,1253.3797139999997,11.019187810360616,0.6405312552365475,0.76
313,1,11,50,0.0,2516951.0,2449.0,2610.225072,11.0,0.6424100014274466,0.76
314,0,10,51,1.0,2516962.0,2450.0,972.5630220000004,10.021102733731452,0.6993156780131807,0.76
315,1,10,51,1.0,2516963.0,2446.0,1807.718198,10.021102733731452,0.6993156780131807,0.76
316,0,10,48,2.0,2516964.0,2444.0,2432.582356,10.084145972763386,0.6922019060806314,0.76
317,1,11,49,1.0,2516964.0,2444.0,2647.139133,11.019187810360616,0.6405312552365475,0.76
318,1,11,48,2.0,2516977.0,2482.0,756.3186770000002,11.076551810017412,0.6349513266727096,0.76
319,0,11,49,1.0,2516981.0,2451.0,1856.510395,11.019187810360616,0.6405312552365475,0.76
320,1,11,50,0.0,2516986.0,2449.0,1053.1174199999996,11.0,0.6424100014274466,0.76
321,0,9,50,0.0,2516994.0,2453.0,2890.2103580000003,9.0,0.7724805184545609,0.76
322,1,10,50,0.0,2516995.0,2454.0,2024.3187420000004,10.0,0.701714016520786,0.76
323,1,11,50,0.0,2517006.0,2460.0,3077.337402,11.0,0.6424100014274466,0.76
324,0,10,50,0.0,2517009.0,2447.0,2208.341832,10.0,0.701714016520786,0.76
325,1,10,51,1.0,2517013.0,2457.0,720.5881680000002,10.021102733731452,0.6993156780131807,0.76
326,1,11,49,1.0,2517020.0,2457.0,2302.522651,11.019187810360616,0.6405312552365475,0.76
327,0,11,50,0.0,2517021.0,2453.0,1331.17609,11.0,0.6424100014274466,0.76
328,1,11,48,2.0,2517023.0,2449.0,2838.330847,11.076551810017412,0.6349513266727096,0.76
329,0,11,48,2.0,2517024.0,2446.0,967.240053,11.076551810017412,0.6349513266727096,0.76
330,1,10,50,0.0,2517025.0,2460.0,1684.928236,10.0,0.701714016520786,0.76
331,1,12,50,0.0,2517026.0,2450.0,2535.44394,12.0,0.592075228949806,0.76
332,0,10,50,0.0,2517026.0,2450.0,2863.202307,10.0,0.701714016520786,0.76
333,0,11,50,0.0,2517041.0,2446.0,330.65042600000004,11.0,0.6424100014274466,0.76
334,1,10,51,1.0,2517042.0,2450.0,612.605419,10.021102733731452,0.6993156780131807,0.76
335,1,12,50,0.0,1694390.0,11944.0,1184.372037,12.0,0.592075228949806,0.76
336,1,11,51,1.0,1694392.0,11944.0,1074.254367,11.019187810360616,0.6405312552365475,0.76
337,1,10,50,0.0,1694410.0,11555.0,2875.917292,10.0,0.701714016520786,0.76
338,0,11,50,0.0,1694412.0,1598.0,1566.3147250000002,11.0,0.6424100014274466,0.76
339,1,10,49,1.0,1694422.0,7839.0,2338.04646,10.021102733731452,0.6993156780131807,0.76
340,0,10,51,1.0,1694423.0,9905.0,2023.851304,10.021102733731452,0.6993156780131807,0.76
341,0,10,51,1.0,1694425.0,9109.0,2174.214517,10.021102733731452,0.6993156780131807,0.76
342,1,11,51,1.0,1694426.0,6697.0,15.79602100000011,11.019187810360616,0.6405312552365475,0.76
343,1,11,51,1.0,1694426.0,13869.0,58.23173200000019,11.019187810360616,0.6405312552365475,0.76
344,0,11,50,0.0,1694426.0,6697.0,90.93326999999954,11.0,0.6424100014274466,0.76
345,1,12,49,1.0,1694426.0,13869.0,137.78013800000008,12.017591272796723,0.5905804834048406,0.76
346,1,10,49,1.0,1694426.0,6697.0,173.1948510000002,10.021102733731452,0.6993156780131807,0.76
347,1,10,50,0.0,1694426.0,13869.0,214.19407200000023,10.0,0.701714016520786,0.76
348,1,11,50,0.0,1694426.0,6697.0,252.1028900000001,11.0,0.6424100014274466,0.76
349,1,11,50,0.0,1694426.0,13869.0,295.5091769999999,11.0,0.6424100014274466,0.76
350,1,11,50,0.0,1694426.0,6697.0,329.8746310000006,11.0,0.6424100014274466,0.76
351,1,11,50,0.0,1694426.0,13869.0,377.3563539999996,11.0,0.6424100014274466,0.76
352,1,10,50,0.0,1694429.0,8274.0,122.674232,10.0,0.701714016520786,0.76
353,0,10,50,0.0,1694430.0,3148.0,775.7116000000001,10.0,0.701714016520786,0.76
354,1,10,50,0.0,1694433.0,2413.0,234.49273000000005,10.0,0.701714016520786,0.76
355,1,11,50,0.0,1694434.0,9905.0,44.157178999999815,11.0,0.6424100014274466,0.76
356,1,11,50,0.0,1694434.0,13869.0,83.79283399999986,11.0,0.6424100014274466,0.76
357,1,10,50,0.0,1694434.0,9905.0,136.89755499999956,10.0,0.701714016520786,0.76
358,1,10,50,0.0,1694434.0,13869.0,181.14025199999924,10.0,0.701714016520786,0.76
359,1,11,51,1.0,1694434.0,9905.0,221.1387770000001,11.019187810360616,0.6405312552365475,0.76
360,1,10,50,0.0,1694434.0,13869.0,264.81604399999924,10.0,0.701714016520786,0.76
361,1,11,50,0.0,1694434.0,9905.0,311.9044670000003,11.0,0.6424100014274466,0.76
362,0,11,49,1.0,1694434.0,13869.0,353.98819000000003,11.019187810360616,0.6405312552365475,0.76
363,1,11,51,1.0,1694434.0,9905.0,405.1201760000004,11.019187810360616,0.6405312552365475,0.76
364,1,11,50,0.0,1694436.0,3757.0,1934.0325810000004,11.0,0.6424100014274466,0.76
365,1,10,50,0.0,1694436.0,3757.0,24.21591400000034,10.0,0.701714016520786,0.76
366,1,11,50,0.0,1694436.0,3148.0,64.58468899999934,11.0,0.6424100014274466,0.76
367,0,10,50,0.0,1694436.0,3757.0,101.53541899999982,10.0,0.701714016520786,0.76
368,0,10,50,0.0,1694436.0,3148.0,135.44524300000012,10.0,0.701714016520786,0.76
369,1,10,50,0.0,1694436.0,3757.0,175.39540400000078,10.0,0.701714016520786,0.76
370,0,10,50,0.0,1694436.0,3148.0,216.36434999999983,10.0,0.701714016520786,0.76
371,0,10,49,1.0,1694436.0,3757.0,255.88412600000083,10.021102733731452,0.6993156780131807,0.76
372,1,12,50,0.0,1694436.0,3148.0,290.75982099999965,12.0,0.592075228949806,0.76
373,0,10,49,1.0,1694436.0,3757.0,333.9698279999993,10.021102733731452,0.6993156780131807,0.76
374,0,11,49,1.0,1694436.0,3148.0,378.9872149999992,11.019187810360616,0.6405312552365475,0.76
375,1,11,49,1.0,1694436.0,3757.0,420.6294510000007,11.019187810360616,0.6405312552365475,0.76
376,1,11,50,0.0,1694436.0,3148.0,457.0167829999991,11.0,0.6424100014274466,0.76
377,1,11,50,0.0,1694436.0,3757.0,489.4972120000002,11.0,0.6424100014274466,0.76
378,1,10,50,0.0,1694436.0,3148.0,530.0635760000005,10.0,0.701714016520786,0.76
379,1,11,50,0.0,1694436.0,3757.0,571.9016319999992,11.0,0.6424100014274466,0.76
380,1,11,50,0.0,1694436.0,3148.0,608.796832,11.0,0.6424100014274466,0.76
381,0,11,50,0.0,1694436.0,3757.0,644.1153279999999,11.0,0.6424100014274466,0.76
382,1,10,50,0.0,1694436.0,3148.0,678.8947399999997,10.0,0.701714016520786,0.76
383,1,10,51,1.0,1694439.0,4418.0,2802.048176,10.021102733731452,0.6993156780131807,0.76
384,1,10,50,0.0,2057956.0,16129.0,1660.8286630000002,10.0,0.701714016520786,0.76
385,0,11,49,1.0,2057959.0,16521.0,2418.309075,11.019187810360616,0.6405312552365475,0.76
386,1,11,50,0.0,2057959.0,16521.0,3037.271417,11.0,0.6424100014274466,0.76
387,1,10,51,1.0,2057960.0,9905.0,211.536394,10.021102733731452,0.6993156780131807,0.76
388,0,11,49,1.0,2057964.0,9905.0,445.342028,11.019187810360616,0.6405312552365475,0.76
389,1,11,51,1.0,2057964.0,10840.0,2870.311825,11.019187810360616,0.6405312552365475,0.76
390,1,10,49,1.0,2057966.0,4418.0,730.009243,10.021102733731452,0.6993156780131807,0.76
391,1,10,51,1.0,2057966.0,8493.0,976.7182110000005,10.021102733731452,0.6993156780131807,0.76
392,0,11,48,2.0,2057967.0,15594.0,2744.120467,11.076551810017412,0.6349513266727096,0.76
393,1,11,49,1.0,2057969.0,8493.0,2275.566492,11.019187810360616,0.6405312552365475,0.76
394,0,10,53,3.0,2057972.0,12274.0,1089.5974749999996,10.188351191434265,0.6806111721553927,0.76
395,1,10,51,1.0,2057973.0,9598.0,1553.084672,10.021102733731452,0.6993156780131807,0.76
396,0,11,49,1.0,2057975.0,7839.0,2227.411445,11.019187810360616,0.6405312552365475,0.76
397,1,11,50,0.0,2057976.0,16823.0,324.3306480000001,11.0,0.6424100014274466,0.76
398,1,10,50,0.0,2057977.0,7839.0,1809.5659050000004,10.0,0.701714016520786,0.76
399,0,10,50,0.0,2057983.0,16871.0,2874.2369849999995,10.0,0.701714016520786,0.76
400,1,10,51,1.0,2057985.0,7047.0,1177.370769,10.021102733731452,0.6993156780131807,0.76
401,1,11,52,2.0,2057987.0,15473.0,1525.087297,11.076551810017412,0.6349513266727096,0.76
402,1,11,50,0.0,2057989.0,7047.0,994.2806259999998,11.0,0.6424100014274466,0.76
403,1,11,49,1.0,2057991.0,16276.0,2085.156091,11.019187810360616,0.6405312552365475,0.76
404,1,10,48,2.0,2057992.0,5629.0,361.417809,10.084145972763386,0.6922019060806314,0.76
405,1,10,50,0.0,2057993.0,2413.0,1296.558774,10.0,0.701714016520786,0.76
406,1,11,50,0.0,2057993.0,2413.0,2716.757002,11.0,0.6424100014274466,0.76
407,1,10,50,0.0,2057997.0,12913.0,316.367448,10.0,0.701714016520786,0.76
408,1,11,48,2.0,2058003.0,4418.0,761.289657,11.076551810017412,0.6349513266727096,0.76
409,1,89,51,1.0,2058004.0,14358.0,2455.865167,89.00237356385503,0.0821965019155909,0.76
410,1,90,50,0.0,2058004.0,1598.0,21.33698799999911,90.0,0.0812885420167841,0.76
411,1,10,51,1.0,2058004.0,14358.0,61.28607000000011,10.021102733731452,0.6993156780131807,0.76
412,1,90,50,0.0,2058004.0,1598.0,101.39193999999952,90.0,0.0812885420167841,0.76
413,1,10,50,0.0,2058004.0,14358.0,143.5836130000007,10.0,0.701714016520786,0.76
414,0,90,50,0.0,2058004.0,1598.0,180.20465499999955,90.0,0.0812885420167841,0.76
415,1,10,51,1.0,2058004.0,14358.0,220.5137849999992,10.021102733731452,0.6993156780131807,0.76
416,1,90,50,0.0,2058004.0,1598.0,257.8587430000007,90.0,0.0812885420167841,0.76
417,1,10,51,1.0,2058004.0,14358.0,295.7679619999999,10.021102733731452,0.6993156780131807,0.76
418,0,90,50,0.0,2058004.0,1598.0,351.9001509999998,90.0,0.0812885420167841,0.76
419,0,11,51,1.0,2058005.0,9598.0,645.722589,11.019187810360616,0.6405312552365475,0.76
420,0,90,50,0.0,2058005.0,7712.0,44.17391900000075,90.0,0.0812885420167841,0.76
421,0,11,50,0.0,2058005.0,9598.0,93.4433910000007,11.0,0.6424100014274466,0.76
422,1,90,51,1.0,2058005.0,7712.0,148.85015600000042,90.00234719161494,0.0812843138466033,0.76
423,1,10,51,1.0,2058005.0,9598.0,192.63024799999948,10.021102733731452,0.6993156780131807,0.76
424,1,90,50,0.0,2058005.0,7712.0,246.14233299999975,90.0,0.0812885420167841,0.76
425,1,10,49,1.0,2058005.0,9598.0,292.91035100000045,10.021102733731452,0.6993156780131807,0.76
426,0,90,49,1.0,2058005.0,7712.0,343.95652399999926,90.00234719161494,0.0812843138466033,0.76
427,0,11,50,0.0,2058005.0,9598.0,412.2000779999999,11.0,0.6424100014274466,0.76
428,0,90,50,0.0,2058005.0,7712.0,464.5057780000007,90.0,0.0812885420167841,0.76
429,1,11,50,0.0,2058005.0,9598.0,521.1698710000001,11.0,0.6424100014274466,0.76
430,1,11,49,1.0,2058009.0,2413.0,713.452413,11.019187810360616,0.6405312552365475,0.76
431,1,89,50,0.0,2058009.0,12430.0,56.32336199999918,89.0,0.0822008738843873,0.76
432,1,10,51,1.0,2058009.0,2413.0,102.06336100000044,10.021102733731452,0.6993156780131807,0.76
433,1,89,50,0.0,2058009.0,12430.0,147.99576399999933,89.0,0.0822008738843873,0.76
434,1,11,51,1.0,2058009.0,2413.0,190.5804599999992,11.019187810360616,0.6405312552365475,0.76
435,1,89,49,1.0,2058009.0,12430.0,235.3487210000003,89.00237356385503,0.0821965019155909,0.76
436,0,10,51,1.0,2058009.0,2413.0,280.2062669999996,10.021102733731452,0.6993156780131807,0.76
437,0,89,49,1.0,2058009.0,12430.0,331.8193460000002,89.00237356385503,0.0821965019155909,0.76
438,1,10,51,1.0,2058009.0,2413.0,379.4643909999995,10.021102733731452,0.6993156780131807,0.76
439,0,89,49,1.0,2058009.0,12430.0,426.73230800000056,89.00237356385503,0.0821965019155909,0.76
440,1,10,50,0.0,2058009.0,2413.0,476.1968089999991,10.0,0.701714016520786,0.76
441,0,10,51,1.0,2058012.0,14358.0,13.555301000000329,10.021102733731452,0.6993156780131807,0.76
442,1,90,50,0.0,2058012.0,9598.0,60.04641099999935,90.0,0.0812885420167841,0.76
443,1,10,50,0.0,2058012.0,14358.0,103.41218099999968,10.0,0.701714016520786,0.76
444,0,89,50,0.0,2058012.0,9598.0,146.3198109999994,89.0,0.0822008738843873,0.76
445,0,11,50,0.0,2058012.0,14358.0,192.49771599999983,11.0,0.6424100014274466,0.76
446,1,90,49,1.0,2058012.0,9598.0,250.77718699999969,90.00234719161494,0.0812843138466033,0.76
447,1,10,51,1.0,2058012.0,14358.0,294.21152299999994,10.021102733731452,0.6993156780131807,0.76
448,1,90,50,0.0,2058012.0,9598.0,333.941288,90.0,0.0812885420167841,0.76
449,1,10,50,0.0,2058012.0,14358.0,370.51088100000015,10.0,0.701714016520786,0.76
450,1,90,50,0.0,2058012.0,9598.0,421.46067100000073,90.0,0.0812885420167841,0.76
451,1,11,49,1.0,2058017.0,4418.0,2278.895744,11.019187810360616,0.6405312552365475,0.76
452,1,11,49,1.0,2575961.0,3157.0,307.866189,11.019187810360616,0.6405312552365475,0.76
453,1,10,51,1.0,2575962.0,3194.0,2269.301855,10.021102733731452,0.6993156780131807,0.76
454,1,11,49,1.0,2575963.0,3161.0,299.84553600000004,11.019187810360616,0.6405312552365475,0.76
455,0,10,50,0.0,2575964.0,3173.0,2306.318935,10.0,0.701714016520786,0.76
456,1,10,49,1.0,2575972.0,3164.0,2054.359063,10.021102733731452,0.6993156780131807,0.76
457,1,10,50,0.0,2575973.0,3193.0,405.587143,10.0,0.701714016520786,0.76
458,1,11,48,2.0,2575973.0,3159.0,2880.316084,11.076551810017412,0.6349513266727096,0.76
459,1,10,50,0.0,2575977.0,3163.0,2511.76227,10.0,0.701714016520786,0.76
460,1,10,49,1.0,2575983.0,3176.0,561.110445,10.021102733731452,0.6993156780131807,0.76
461,1,11,49,1.0,2575984.0,3161.0,1609.425613,11.019187810360616,0.6405312552365475,0.76
462,1,11,48,2.0,2575986.0,3162.0,2255.519455,11.076551810017412,0.6349513266727096,0.76
463,1,10,50,0.0,2575987.0,3164.0,2763.304894,10.0,0.701714016520786,0.76
464,1,11,49,1.0,2575989.0,3172.0,2371.3039390000004,11.019187810360616,0.6405312552365475,0.76
465,1,10,52,2.0,2575994.0,3187.0,1185.5273530000004,10.084145972763386,0.6922019060806314,0.76
466,1,10,50,0.0,2575994.0,3187.0,2692.5497130000003,10.0,0.701714016520786,0.76
467,1,10,50,0.0,2575999.0,3172.0,1716.2135500000004,10.0,0.701714016520786,0.76
468,1,10,50,0.0,2576001.0,3161.0,1870.7143800000003,10.0,0.701714016520786,0.76
469,0,10,50,0.0,2576002.0,3315.0,1825.024959,10.0,0.701714016520786,0.76
470,1,10,49,1.0,2576002.0,3315.0,842.4668579999998,10.021102733731452,0.6993156780131807,0.76
471,1,11,49,1.0,2576006.0,3187.0,2789.524146,11.019187810360616,0.6405312552365475,0.76
472,1,11,49,1.0,2576007.0,3157.0,1518.361618,11.019187810360616,0.6405312552365475,0.76
473,1,10,51,1.0,2576007.0,3157.0,918.075898,10.021102733731452,0.6993156780131807,0.76
474,1,11,50,0.0,2576008.0,3163.0,135.3584179999998,11.0,0.6424100014274466,0.76
475,0,11,49,1.0,2576010.0,3219.0,2421.661663,11.019187810360616,0.6405312552365475,0.76
476,0,11,49,1.0,2576011.0,3172.0,975.287609,11.019187810360616,0.6405312552365475,0.76
477,1,11,51,1.0,2576012.0,3162.0,1424.95635,11.019187810360616,0.6405312552365475,0.76
478,0,10,50,0.0,2576015.0,3158.0,2594.260233,10.0,0.701714016520786,0.76
479,0,11,47,3.0,2576019.0,3159.0,2283.616297,11.171503927403863,0.6258357186235695,0.76
480,1,10,51,1.0,2576023.0,3315.0,1574.676831,10.021102733731452,0.6993156780131807,0.76
481,1,11,51,1.0,2576023.0,3162.0,2154.677336,11.019187810360616,0.6405312552365475,0.76
482,1,10,50,0.0,2576025.0,3187.0,2374.704267,10.0,0.701714016520786,0.76
483,1,11,49,1.0,2576027.0,3194.0,2762.9233190000004,11.019187810360616,0.6405312552365475,0.76
484,1,12,48,2.0,2576028.0,3163.0,1610.753228,12.070211265756702,0.5861359122223557,0.76
485,1,10,52,2.0,2576028.0,3163.0,1256.7225829999998,10.084145972763386,0.6922019060806314,0.76
486,1,10,50,0.0,2576028.0,3163.0,2980.676985,10.0,0.701714016520786,0.76
487,1,10,51,1.0,2576030.0,3173.0,2006.6170380000003,10.021102733731452,0.6993156780131807,0.76
488,1,11,50,0.0,2576034.0,3161.0,2672.991994,11.0,0.6424100014274466,0.76
489,1,10,50,0.0,2576035.0,3162.0,487.0406739999999,10.0,0.701714016520786,0.76
490,0,11,51,1.0,2576035.0,3159.0,3115.7285030000003,11.019187810360616,0.6405312552365475,0.76
491,1,11,50,0.0,2576040.0,3176.0,1231.8199050000003,11.0,0.6424100014274466,0.76
492,1,10,49,1.0,2576041.0,3165.0,1789.004008,10.021102733731452,0.6993156780131807,0.76
493,1,11,49,1.0,2576041.0,3194.0,570.5537049999998,11.019187810360616,0.6405312552365475,0.76
494,1,11,50,0.0,2576042.0,3162.0,387.795355,11.0,0.6424100014274466,0.76
495,1,11,49,1.0,2576045.0,3164.0,660.305496,11.019187810360616,0.6405312552365475,0.76
496,0,10,50,0.0,2576046.0,3315.0,2247.443563,10.0,0.701714016520786,0.76
497,0,11,50,0.0,2576050.0,3162.0,1138.828545,11.0,0.6424100014274466,0.76
498,0,11,50,0.0,2576051.0,3173.0,931.051332,11.0,0.6424100014274466,0.76
499,1,11,50,0.0,2576051.0,3219.0,2918.174555,11.0,0.6424100014274466,0.76
500,1,11,51,1.0,2576053.0,3176.0,1741.3131759999997,11.019187810360616,0.6405312552365475,0.76
501,1,11,51,1.0,2576057.0,3158.0,592.192096,11.019187810360616,0.6405312552365475,0.76
502,1,10,50,0.0,2576061.0,3194.0,824.623893,10.0,0.701714016520786,0.76
503,1,10,51,1.0,2576068.0,3163.0,2745.742458,10.021102733731452,0.6993156780131807,0.76
504,0,11,50,0.0,2576068.0,3172.0,2349.816492,11.0,0.6424100014274466,0.76
505,1,11,50,0.0,2576070.0,3197.0,1348.0623619999997,11.0,0.6424100014274466,0.76
506,0,11,50,0.0,2576071.0,3173.0,642.340648,11.0,0.6424100014274466,0.76
507,0,10,50,0.0,2576079.0,3315.0,2820.073854,10.0,0.701714016520786,0.76
508,1,11,50,0.0,2576084.0,3158.0,207.42096200000012,11.0,0.6424100014274466,0.76
509,1,11,50,0.0,2576084.0,3162.0,1585.0041330000004,11.0,0.6424100014274466,0.76
510,1,10,49,1.0,2576085.0,3159.0,2743.863394,10.021102733731452,0.6993156780131807,0.76
511,0,10,50,0.0,2576087.0,3185.0,1618.7277160000003,10.0,0.701714016520786,0.76
512,1,10,50,0.0,2576093.0,3193.0,1461.3328359999996,10.0,0.701714016520786,0.76
513,1,10,50,0.0,2576095.0,3176.0,2882.980511,10.0,0.701714016520786,0.76
514,0,10,51,1.0,2576098.0,3187.0,1928.997184,10.021102733731452,0.6993156780131807,0.76
515,0,10,50,0.0,2576106.0,3204.0,593.0126399999999,10.0,0.701714016520786,0.76
516,0,9,53,3.0,2576116.0,3315.0,2621.740521,9.208827286902496,0.7451618621324422,0.76
517,1,11,48,2.0,2576117.0,3194.0,573.2044980000001,11.076551810017412,0.6349513266727096,0.76
518,1,11,51,1.0,2576117.0,3204.0,2544.953426,11.019187810360616,0.6405312552365475,0.76
519,1,11,49,1.0,2576119.0,3172.0,295.0618450000002,11.019187810360616,0.6405312552365475,0.76
520,1,10,49,1.0,2576125.0,3163.0,905.069292,10.021102733731452,0.6993156780131807,0.76
521,0,10,50,0.0,2576126.0,3158.0,420.1264080000001,10.0,0.701714016520786,0.76
522,0,11,48,2.0,2576127.0,3315.0,2206.395503,11.076551810017412,0.6349513266727096,0.76
523,1,11,51,1.0,2576131.0,3193.0,2780.561154,11.019187810360616,0.6405312552365475,0.76
524,1,11,50,0.0,2576135.0,3164.0,1612.882378,11.0,0.6424100014274466,0.76
525,0,11,50,0.0,2576136.0,3161.0,213.33153300000004,11.0,0.6424100014274466,0.76
526,1,10,50,0.0,2576137.0,3204.0,1401.5058719999995,10.0,0.701714016520786,0.76
527,1,10,50,0.0,2576147.0,3164.0,2797.95413,10.0,0.701714016520786,0.76
528,0,10,49,1.0,2576150.0,3166.0,258.93846799999983,10.021102733731452,0.6993156780131807,0.76
529,1,11,49,1.0,2576155.0,3204.0,426.274365,11.019187810360616,0.6405312552365475,0.76
530,1,11,50,0.0,2576164.0,3157.0,2112.526272,11.0,0.6424100014274466,0.76
531,1,11,51,1.0,2576171.0,3187.0,2195.572305,11.019187810360616,0.6405312552365475,0.76
532,1,11,52,2.0,2576172.0,3197.0,1724.220175,11.076551810017412,0.6349513266727096,0.76
533,0,10,51,1.0,2576177.0,3158.0,2332.678415,10.021102733731452,0.6993156780131807,0.76
534,1,10,50,0.0,2576190.0,3158.0,2811.205792,10.0,0.701714016520786,0.76
535,1,10,50,0.0,2576194.0,3164.0,2381.604037,10.0,0.701714016520786,0.76
536,0,10,51,1.0,2576206.0,3157.0,396.758569,10.021102733731452,0.6993156780131807,0.76
537,1,11,49,1.0,2576213.0,3162.0,1821.545603,11.019187810360616,0.6405312552365475,0.76
538,1,10,50,0.0,2576215.0,3187.0,1619.1590770000005,10.0,0.701714016520786,0.76
539,1,11,50,0.0,2576220.0,3173.0,997.577144,11.0,0.6424100014274466,0.76
540,1,10,51,1.0,2576222.0,3176.0,1699.92594,10.021102733731452,0.6993156780131807,0.76
541,1,11,50,0.0,2576232.0,3173.0,1686.8859110000003,11.0,0.6424100014274466,0.76
542,0,10,50,0.0,2576235.0,3197.0,1335.014723,10.0,0.701714016520786,0.76
543,1,11,50,0.0,2576236.0,3315.0,1850.022003,11.0,0.6424100014274466,0.76
544,0,11,49,1.0,2576236.0,3315.0,2737.795526,11.019187810360616,0.6405312552365475,0.76
545,0,11,50,0.0,2576238.0,3159.0,2226.219574,11.0,0.6424100014274466,0.76
546,1,11,50,0.0,2576239.0,3172.0,2935.052807,11.0,0.6424100014274466,0.76
547,1,10,50,0.0,2576241.0,3173.0,3061.113576,10.0,0.701714016520786,0.76
548,0,11,50,0.0,2576242.0,3157.0,2879.8584360000004,11.0,0.6424100014274466,0.76
549,0,11,49,1.0,2576243.0,3176.0,814.365125,11.019187810360616,0.6405312552365475,0.76
550,1,10,49,1.0,2576243.0,3176.0,2921.4392470000003,10.021102733731452,0.6993156780131807,0.76
551,1,11,49,1.0,2576245.0,3161.0,1763.491321,11.019187810360616,0.6405312552365475,0.76
552,1,10,52,2.0,2576249.0,3162.0,2756.544819,10.084145972763386,0.6922019060806314,0.76
553,1,11,51,1.0,2576255.0,3164.0,1552.593891,11.019187810360616,0.6405312552365475,0.76
554,0,10,51,1.0,2576256.0,3193.0,340.42374099999995,10.021102733731452,0.6993156780131807,0.76
555,1,11,51,1.0,2576256.0,3193.0,1766.2364269999998,11.019187810360616,0.6405312552365475,0.76
556,1,11,49,1.0,2576259.0,3172.0,1974.1103970000004,11.019187810360616,0.6405312552365475,0.76
557,1,11,50,0.0,2576261.0,3194.0,2137.894094,11.0,0.6424100014274466,0.76
558,0,11,50,0.0,2576262.0,3187.0,322.8325319999999,11.0,0.6424100014274466,0.76
559,1,10,50,0.0,2576266.0,3159.0,2837.412943,10.0,0.701714016520786,0.76
560,1,11,50,0.0,2576266.0,3159.0,1730.740866,11.0,0.6424100014274466,0.76
561,0,10,51,1.0,2576279.0,3172.0,1228.008164,10.021102733731452,0.6993156780131807,0.76
562,1,11,50,0.0,2576285.0,3176.0,1817.372483,11.0,0.6424100014274466,0.76
563,0,10,51,1.0,2576286.0,3185.0,181.744768,10.021102733731452,0.6993156780131807,0.76
564,1,10,50,0.0,2576293.0,3194.0,1140.3330290000004,10.0,0.701714016520786,0.76
565,0,11,51,1.0,2576299.0,3164.0,2472.008806,11.019187810360616,0.6405312552365475,0.76
566,0,10,50,0.0,2576300.0,3165.0,832.5499239999999,10.0,0.701714016520786,0.76
567,0,10,50,0.0,2576303.0,3162.0,1326.182801,10.0,0.701714016520786,0.76
568,1,10,50,0.0,2576306.0,3315.0,2778.573004,10.0,0.701714016520786,0.76
569,1,11,49,1.0,2576308.0,3219.0,1813.6682570000005,11.019187810360616,0.6405312552365475,0.76
570,1,10,51,1.0,2576310.0,3204.0,2219.612986,10.021102733731452,0.6993156780131807,0.76
571,1,11,48,2.0,2576311.0,3166.0,1779.434859,11.076551810017412,0.6349513266727096,0.76
572,1,10,50,0.0,2576320.0,3166.0,719.245445,10.0,0.701714016520786,0.76
573,1,11,50,0.0,2576323.0,3162.0,998.90538,11.0,0.6424100014274466,0.76
574,0,10,48,2.0,2576329.0,3172.0,2816.383124,10.084145972763386,0.6922019060806314,0.76
575,0,10,51,1.0,2576334.0,3159.0,2357.360951,10.021102733731452,0.6993156780131807,0.76
576,1,11,49,1.0,2576335.0,3161.0,1955.726128,11.019187810360616,0.6405312552365475,0.76
577,1,11,49,1.0,2576337.0,3204.0,229.54717700000003,11.019187810360616,0.6405312552365475,0.76
578,1,9,51,1.0,2499727.0,1612.0,582.4097310000002,9.023441693721969,0.769366755943685,0.76
579,0,10,50,0.0,2499744.0,1611.0,435.3344579999998,10.0,0.701714016520786,0.76
580,1,10,51,1.0,2499753.0,1631.0,976.9021540000005,10.021102733731452,0.6993156780131807,0.76
581,1,11,50,0.0,2499762.0,1631.0,265.41819399999986,11.0,0.6424100014274466,0.76
582,1,11,49,1.0,2499764.0,1611.0,2798.827886,11.019187810360616,0.6405312552365475,0.76
583,1,10,50,0.0,2499767.0,1625.0,2582.949591,10.0,0.701714016520786,0.76
584,1,10,50,0.0,2499769.0,1609.0,1312.3844559999998,10.0,0.701714016520786,0.76
585,0,11,50,0.0,2499773.0,1631.0,1647.7550469999996,11.0,0.6424100014274466,0.76
586,0,11,49,1.0,2499786.0,1639.0,2549.178076,11.019187810360616,0.6405312552365475,0.76
587,1,11,50,0.0,2499789.0,1623.0,2650.847124,11.0,0.6424100014274466,0.76
588,1,10,51,1.0,2499795.0,1619.0,1781.0410119999997,10.021102733731452,0.6993156780131807,0.76
589,1,11,49,1.0,2499798.0,1644.0,1563.8627850000005,11.019187810360616,0.6405312552365475,0.76
590,1,11,51,1.0,2499802.0,1625.0,1759.667064,11.019187810360616,0.6405312552365475,0.76
591,1,10,51,1.0,2499805.0,1659.0,1049.066012,10.021102733731452,0.6993156780131807,0.76
592,1,11,50,0.0,2499808.0,1651.0,1790.473462,11.0,0.6424100014274466,0.76
593,1,10,51,1.0,2499813.0,1628.0,278.40618600000016,10.021102733731452,0.6993156780131807,0.76
594,0,11,50,0.0,2499815.0,1612.0,2505.939688,11.0,0.6424100014274466,0.76
595,1,10,50,0.0,2499820.0,1623.0,2755.065901,10.0,0.701714016520786,0.76
596,0,11,50,0.0,2499820.0,1644.0,3307.2551670000003,11.0,0.6424100014274466,0.76
597,1,11,50,0.0,2499822.0,1625.0,252.55480399999988,11.0,0.6424100014274466,0.76
598,1,11,50,0.0,2499833.0,1623.0,325.27151,11.0,0.6424100014274466,0.76
599,1,11,49,1.0,2499839.0,1609.0,2803.742037,11.019187810360616,0.6405312552365475,0.76
600,1,10,51,1.0,2499841.0,1625.0,105.26587299999984,10.021102733731452,0.6993156780131807,0.76
601,1,10,50,0.0,2499853.0,1644.0,1918.168674,10.0,0.701714016520786,0.76
602,0,11,50,0.0,2499856.0,1623.0,1052.339819,11.0,0.6424100014274466,0.76
603,0,10,51,1.0,2499856.0,1633.0,817.9506080000001,10.021102733731452,0.6993156780131807,0.76
604,1,10,51,1.0,2499861.0,1651.0,333.603263,10.021102733731452,0.6993156780131807,0.76
605,1,10,49,1.0,2499862.0,1610.0,1708.4610679999996,10.021102733731452,0.6993156780131807,0.76
606,1,11,49,1.0,2499870.0,1628.0,2426.814015,11.019187810360616,0.6405312552365475,0.76
607,0,10,50,0.0,2499870.0,1628.0,2852.93707,10.0,0.701714016520786,0.76
608,1,11,51,1.0,2499872.0,1623.0,1881.520925,11.019187810360616,0.6405312552365475,0.76
609,0,10,50,0.0,2499891.0,1651.0,2075.107951,10.0,0.701714016520786,0.76
610,0,10,51,1.0,2499893.0,1623.0,2776.931841,10.021102733731452,0.6993156780131807,0.76
611,1,11,49,1.0,2499893.0,1623.0,1679.468433,11.019187810360616,0.6405312552365475,0.76
612,0,9,51,1.0,2499895.0,1625.0,1796.4741050000002,9.023441693721969,0.769366755943685,0.76
613,1,11,50,0.0,2499896.0,1633.0,1115.845502,11.0,0.6424100014274466,0.76
614,1,11,50,0.0,2499897.0,1673.0,2623.8605420000004,11.0,0.6424100014274466,0.76
615,1,11,49,1.0,2499901.0,1624.0,411.746554,11.019187810360616,0.6405312552365475,0.76
616,1,11,49,1.0,2499907.0,1628.0,826.4781280000002,11.019187810360616,0.6405312552365475,0.76
617,0,10,50,0.0,2499908.0,1633.0,647.58275,10.0,0.701714016520786,0.76
618,1,10,49,1.0,2499920.0,1610.0,1671.0466290000004,10.021102733731452,0.6993156780131807,0.76
619,0,11,50,0.0,2499921.0,1628.0,2759.832434,11.0,0.6424100014274466,0.76
620,1,10,46,4.0,2499928.0,1627.0,2590.568732,10.332473082471592,0.6649237431204476,0.76
621,1,10,47,3.0,2499929.0,1610.0,1301.463428,10.188351191434265,0.6806111721553927,0.76
622,1,10,49,1.0,2499953.0,1631.0,2312.163186,10.021102733731452,0.6993156780131807,0.76
623,1,10,51,1.0,2499954.0,1625.0,1037.7069469999997,10.021102733731452,0.6993156780131807,0.76
624,1,11,51,1.0,2499959.0,1612.0,1949.391101,11.019187810360616,0.6405312552365475,0.76
625,1,11,49,1.0,2499961.0,1633.0,2541.104331,11.019187810360616,0.6405312552365475,0.76
626,1,11,51,1.0,2499963.0,1631.0,1548.4256919999998,11.019187810360616,0.6405312552365475,0.76
627,0,11,50,0.0,2499964.0,1613.0,2012.487771,11.0,0.6424100014274466,0.76
628,1,10,51,1.0,2499965.0,1651.0,835.294928,10.021102733731452,0.6993156780131807,0.76
629,1,10,50,0.0,2499973.0,1628.0,585.336288,10.0,0.701714016520786,0.76
630,0,11,48,2.0,2499975.0,1624.0,2464.62778,11.076551810017412,0.6349513266727096,0.76
631,1,10,49,1.0,2499975.0,1624.0,2971.684281,10.021102733731452,0.6993156780131807,0.76
632,0,11,50,0.0,2499976.0,1611.0,1358.6690019999996,11.0,0.6424100014274466,0.76
633,1,10,51,1.0,2499977.0,1644.0,2508.739313,10.021102733731452,0.6993156780131807,0.76
634,1,10,51,1.0,2499980.0,1628.0,2250.7244060000003,10.021102733731452,0.6993156780131807,0.76
635,1,11,51,1.0,2499981.0,1673.0,2956.900016,11.019187810360616,0.6405312552365475,0.76
636,0,11,50,0.0,2499985.0,1639.0,2694.437835,11.0,0.6424100014274466,0.76
637,0,10,50,0.0,2499990.0,1609.0,433.854558,10.0,0.701714016520786,0.76
638,1,10,49,1.0,2499991.0,1651.0,1059.955629,10.021102733731452,0.6993156780131807,0.76
639,1,11,50,0.0,2500002.0,1659.0,2055.773527,11.0,0.6424100014274466,0.76
640,1,11,50,0.0,2500006.0,10531.0,1055.4937579999996,11.0,0.6424100014274466,0.76
641,0,11,50,0.0,2500010.0,1644.0,970.025409,11.0,0.6424100014274466,0.76
642,0,10,51,1.0,2500012.0,1623.0,2543.826467,10.021102733731452,0.6993156780131807,0.76
643,1,10,50,0.0,2500021.0,1628.0,1347.0460789999995,10.0,0.701714016520786,0.76
644,1,10,50,0.0,2500022.0,1631.0,1821.3501050000004,10.0,0.701714016520786,0.76
645,1,10,50,0.0,2500029.0,1609.0,1787.4625260000005,10.0,0.701714016520786,0.76
646,1,11,50,0.0,2500029.0,1609.0,2625.86299,11.0,0.6424100014274466,0.76
647,0,11,51,1.0,2500030.0,1651.0,1914.499476,11.019187810360616,0.6405312552365475,0.76
648,1,10,49,1.0,2500032.0,1628.0,750.971188,10.021102733731452,0.6993156780131807,0.76
649,1,10,51,1.0,2500036.0,1619.0,2241.450539,10.021102733731452,0.6993156780131807,0.76
650,1,10,48,2.0,2500036.0,1619.0,2840.7646779999995,10.084145972763386,0.6922019060806314,0.76
651,1,10,48,2.0,2500037.0,1659.0,2529.218744,10.084145972763386,0.6922019060806314,0.76
652,1,10,51,1.0,2500057.0,1625.0,1449.577626,10.021102733731452,0.6993156780131807,0.76
653,1,10,51,1.0,2500061.0,1651.0,272.92440399999987,10.021102733731452,0.6993156780131807,0.76
654,0,10,50,0.0,2500065.0,1625.0,1082.5060549999998,10.0,0.701714016520786,0.76
655,1,10,50,0.0,2500070.0,1628.0,2667.504741,10.0,0.701714016520786,0.76
656,0,10,51,1.0,2500087.0,1644.0,2324.175519,10.021102733731452,0.6993156780131807,0.76
657,0,11,51,1.0,2500096.0,1639.0,523.4480149999999,11.019187810360616,0.6405312552365475,0.76
